<?xml version="1.0" encoding="utf-8"?>
<LogEntries>
<LogEntry Date="2016-02-05 09:57:28" Severity="Info" Source="duplicateFile.Program.Main" ThreadId="9">
  <Message>Log set.</Message>
</LogEntry>
<LogEntry Date="2016-02-05 09:57:28" Severity="Info" Source="duplicateFile.MainForm..ctor" ThreadId="9">
  <Message>Config loaded</Message>
</LogEntry>
<LogEntry Date="2016-02-05 09:57:37" Severity="Exception" Source="duplicateFile.Classes.Analyser.setStats" ThreadId="9">
  <Exception Type="System.NullReferenceException" Source="duplicateFile.Classes.Analyser.setStats">
    <Message>La référence d'objet n'est pas définie à une instance d'un objet.</Message>
    <StackTrace>   à duplicateFile.Classes.Analyser.setStats() dans D:\dev\SharpDevelop Projects\duplicateFile\V5\duplicateFile\Classes\Tools\Analyser.cs:ligne 444</StackTrace>
  </Exception>
</LogEntry>
<LogEntry Date="2016-02-05 09:59:23" Severity="Info" Source="duplicateFile.Program.Main" ThreadId="10">
  <Message>Log set.</Message>
</LogEntry>
<LogEntry Date="2016-02-05 09:59:23" Severity="Info" Source="duplicateFile.MainForm..ctor" ThreadId="10">
  <Message>Config loaded</Message>
</LogEntry>
<LogEntry Date="2016-02-05 09:59:31" Severity="Exception" Source="duplicateFile.Classes.Analyser.setStats" ThreadId="10">
  <Exception Type="System.NullReferenceException" Source="duplicateFile.Classes.Analyser.setStats">
    <Message>La référence d'objet n'est pas définie à une instance d'un objet.</Message>
    <StackTrace>   à duplicateFile.Classes.Analyser.setStats() dans D:\dev\SharpDevelop Projects\duplicateFile\V5\duplicateFile\Classes\Tools\Analyser.cs:ligne 444</StackTrace>
  </Exception>
</LogEntry>
<LogEntry Date="2016-02-05 09:59:47" Severity="Info2" Source="duplicateFile.MainForm.startAnalyse" ThreadId="10">
  <Message>Analyse started</Message>
</LogEntry>
<LogEntry Date="2016-02-05 10:08:03" Severity="Info" Source="duplicateFile.Program.Main" ThreadId="10">
  <Message>Log set.</Message>
</LogEntry>
<LogEntry Date="2016-02-05 10:08:03" Severity="Info" Source="duplicateFile.MainForm..ctor" ThreadId="10">
  <Message>Config loaded</Message>
</LogEntry>
<LogEntry Date="2016-02-05 10:08:15" Severity="Exception" Source="duplicateFile.Classes.Analyser.setStats" ThreadId="10">
  <Exception Type="System.NullReferenceException" Source="duplicateFile.Classes.Analyser.setStats">
    <Message>La référence d'objet n'est pas définie à une instance d'un objet.</Message>
    <StackTrace>   à duplicateFile.Classes.Analyser.setStats() dans D:\dev\SharpDevelop Projects\duplicateFile\V5\duplicateFile\Classes\Tools\Analyser.cs:ligne 444</StackTrace>
  </Exception>
</LogEntry>
<LogEntry Date="2016-02-05 10:15:17" Severity="Info" Source="duplicateFile.Program.Main" ThreadId="9">
  <Message>Log set.</Message>
</LogEntry>
<LogEntry Date="2016-02-05 10:15:17" Severity="Info" Source="duplicateFile.MainForm..ctor" ThreadId="9">
  <Message>Config loaded</Message>
</LogEntry>
<LogEntry Date="2016-02-05 10:15:27" Severity="Exception" Source="duplicateFile.Classes.Analyser.setStats" ThreadId="9">
  <Exception Type="System.NullReferenceException" Source="duplicateFile.Classes.Analyser.setStats">
    <Message>La référence d'objet n'est pas définie à une instance d'un objet.</Message>
    <StackTrace>   à duplicateFile.Classes.Analyser.setStats() dans D:\dev\SharpDevelop Projects\duplicateFile\V5\duplicateFile\Classes\Tools\Analyser.cs:ligne 444</StackTrace>
  </Exception>
</LogEntry>
<LogEntry Date="2016-02-05 10:16:19" Severity="Info" Source="duplicateFile.Program.Main" ThreadId="9">
  <Message>Log set.</Message>
</LogEntry>
<LogEntry Date="2016-02-05 10:16:20" Severity="Info" Source="duplicateFile.MainForm..ctor" ThreadId="9">
  <Message>Config loaded</Message>
</LogEntry>
<LogEntry Date="2016-02-05 10:19:04" Severity="Exception" Source="duplicateFile.Classes.Analyser.setStats" ThreadId="9">
  <Exception Type="System.NullReferenceException" Source="duplicateFile.Classes.Analyser.setStats">
    <Message>La référence d'objet n'est pas définie à une instance d'un objet.</Message>
    <StackTrace>   à duplicateFile.Classes.Analyser.setStats() dans D:\dev\SharpDevelop Projects\duplicateFile\V5\duplicateFile\Classes\Tools\Analyser.cs:ligne 444</StackTrace>
  </Exception>
</LogEntry>
<LogEntry Date="2016-02-05 10:20:09" Severity="Info" Source="duplicateFile.Program.Main" ThreadId="9">
  <Message>Log set.</Message>
</LogEntry>
<LogEntry Date="2016-02-05 10:20:09" Severity="Info" Source="duplicateFile.MainForm..ctor" ThreadId="9">
  <Message>Config loaded</Message>
</LogEntry>
<LogEntry Date="2016-02-05 10:42:07" Severity="Exception" Source="duplicateFile.Classes.Analyser.setStats" ThreadId="9">
  <Exception Type="System.NullReferenceException" Source="duplicateFile.Classes.Analyser.setStats">
    <Message>La référence d'objet n'est pas définie à une instance d'un objet.</Message>
    <StackTrace>   à duplicateFile.Classes.Analyser.setStats() dans D:\dev\SharpDevelop Projects\duplicateFile\V5\duplicateFile\Classes\Tools\Analyser.cs:ligne 444</StackTrace>
  </Exception>
</LogEntry>
<LogEntry Date="2016-02-05 10:42:23" Severity="Info" Source="duplicateFile.Program.Main" ThreadId="10">
  <Message>Log set.</Message>
</LogEntry>
<LogEntry Date="2016-02-05 10:42:23" Severity="Info" Source="duplicateFile.MainForm..ctor" ThreadId="10">
  <Message>Config loaded</Message>
</LogEntry>
<LogEntry Date="2016-02-05 10:42:51" Severity="Exception" Source="duplicateFile.Classes.Analyser.setStats" ThreadId="10">
  <Exception Type="System.NullReferenceException" Source="duplicateFile.Classes.Analyser.setStats">
    <Message>La référence d'objet n'est pas définie à une instance d'un objet.</Message>
    <StackTrace>   à duplicateFile.Classes.Analyser.setStats() dans D:\dev\SharpDevelop Projects\duplicateFile\V5\duplicateFile\Classes\Tools\Analyser.cs:ligne 444</StackTrace>
  </Exception>
</LogEntry>
<LogEntry Date="2016-02-05 10:43:32" Severity="Info" Source="duplicateFile.Program.Main" ThreadId="10">
  <Message>Log set.</Message>
</LogEntry>
<LogEntry Date="2016-02-05 10:43:32" Severity="Info" Source="duplicateFile.MainForm..ctor" ThreadId="10">
  <Message>Config loaded</Message>
</LogEntry>
<LogEntry Date="2016-02-05 10:43:47" Severity="Exception" Source="duplicateFile.Classes.Analyser.setStats" ThreadId="10">
  <Exception Type="System.NullReferenceException" Source="duplicateFile.Classes.Analyser.setStats">
    <Message>La référence d'objet n'est pas définie à une instance d'un objet.</Message>
    <StackTrace>   à duplicateFile.Classes.Analyser.setStats() dans D:\dev\SharpDevelop Projects\duplicateFile\V5\duplicateFile\Classes\Tools\Analyser.cs:ligne 444</StackTrace>
  </Exception>
</LogEntry>
<LogEntry Date="2016-02-05 10:44:17" Severity="Info" Source="duplicateFile.Program.Main" ThreadId="10">
  <Message>Log set.</Message>
</LogEntry>
<LogEntry Date="2016-02-05 10:44:17" Severity="Info" Source="duplicateFile.MainForm..ctor" ThreadId="10">
  <Message>Config loaded</Message>
</LogEntry>
<LogEntry Date="2016-02-05 10:44:29" Severity="Exception" Source="duplicateFile.Classes.Analyser.setStats" ThreadId="10">
  <Exception Type="System.NullReferenceException" Source="duplicateFile.Classes.Analyser.setStats">
    <Message>La référence d'objet n'est pas définie à une instance d'un objet.</Message>
    <StackTrace>   à duplicateFile.Classes.Analyser.setStats() dans D:\dev\SharpDevelop Projects\duplicateFile\V5\duplicateFile\Classes\Tools\Analyser.cs:ligne 444</StackTrace>
  </Exception>
</LogEntry>
<LogEntry Date="2016-02-05 10:44:57" Severity="Info" Source="duplicateFile.Program.Main" ThreadId="10">
  <Message>Log set.</Message>
</LogEntry>
<LogEntry Date="2016-02-05 10:44:57" Severity="Info" Source="duplicateFile.MainForm..ctor" ThreadId="10">
  <Message>Config loaded</Message>
</LogEntry>
<LogEntry Date="2016-02-05 10:45:11" Severity="Exception" Source="duplicateFile.Classes.Analyser.setStats" ThreadId="10">
  <Exception Type="System.NullReferenceException" Source="duplicateFile.Classes.Analyser.setStats">
    <Message>La référence d'objet n'est pas définie à une instance d'un objet.</Message>
    <StackTrace>   à duplicateFile.Classes.Analyser.setStats() dans D:\dev\SharpDevelop Projects\duplicateFile\V5\duplicateFile\Classes\Tools\Analyser.cs:ligne 444</StackTrace>
  </Exception>
</LogEntry>
<LogEntry Date="2016-02-05 10:45:23" Severity="Info" Source="duplicateFile.Program.Main" ThreadId="10">
  <Message>Log set.</Message>
</LogEntry>
<LogEntry Date="2016-02-05 10:45:24" Severity="Info" Source="duplicateFile.MainForm..ctor" ThreadId="10">
  <Message>Config loaded</Message>
</LogEntry>
<LogEntry Date="2016-02-05 10:45:32" Severity="Exception" Source="duplicateFile.Classes.Analyser.setStats" ThreadId="10">
  <Exception Type="System.NullReferenceException" Source="duplicateFile.Classes.Analyser.setStats">
    <Message>La référence d'objet n'est pas définie à une instance d'un objet.</Message>
    <StackTrace>   à duplicateFile.Classes.Analyser.setStats() dans D:\dev\SharpDevelop Projects\duplicateFile\V5\duplicateFile\Classes\Tools\Analyser.cs:ligne 444</StackTrace>
  </Exception>
</LogEntry>
<LogEntry Date="2016-02-05 10:47:55" Severity="Info" Source="duplicateFile.Program.Main" ThreadId="9">
  <Message>Log set.</Message>
</LogEntry>
<LogEntry Date="2016-02-05 10:47:55" Severity="Info" Source="duplicateFile.MainForm..ctor" ThreadId="9">
  <Message>Config loaded</Message>
</LogEntry>
<LogEntry Date="2016-02-05 10:48:04" Severity="Exception" Source="duplicateFile.Classes.Analyser.setStats" ThreadId="9">
  <Exception Type="System.NullReferenceException" Source="duplicateFile.Classes.Analyser.setStats">
    <Message>La référence d'objet n'est pas définie à une instance d'un objet.</Message>
    <StackTrace>   à duplicateFile.Classes.Analyser.setStats() dans D:\dev\SharpDevelop Projects\duplicateFile\V5\duplicateFile\Classes\Tools\Analyser.cs:ligne 444</StackTrace>
  </Exception>
</LogEntry>
<LogEntry Date="2016-02-05 10:49:13" Severity="Info" Source="duplicateFile.Program.Main" ThreadId="10">
  <Message>Log set.</Message>
</LogEntry>
<LogEntry Date="2016-02-05 10:49:13" Severity="Info" Source="duplicateFile.MainForm..ctor" ThreadId="10">
  <Message>Config loaded</Message>
</LogEntry>
<LogEntry Date="2016-02-05 10:49:22" Severity="Exception" Source="duplicateFile.Classes.Analyser.setStats" ThreadId="10">
  <Exception Type="System.NullReferenceException" Source="duplicateFile.Classes.Analyser.setStats">
    <Message>La référence d'objet n'est pas définie à une instance d'un objet.</Message>
    <StackTrace>   à duplicateFile.Classes.Analyser.setStats() dans D:\dev\SharpDevelop Projects\duplicateFile\V5\duplicateFile\Classes\Tools\Analyser.cs:ligne 444</StackTrace>
  </Exception>
</LogEntry>
<LogEntry Date="2016-02-05 10:49:47" Severity="Info2" Source="duplicateFile.MainForm.startAnalyse" ThreadId="10">
  <Message>Analyse started</Message>
</LogEntry>
<LogEntry Date="2016-02-05 10:50:05" Severity="Info2" Source="duplicateFile.Classes.Analyser.AnalyseFolder" ThreadId="12">
  <Message>Starting folder analysis</Message>
</LogEntry>
<LogEntry Date="2016-02-05 11:51:01" Severity="Info2" Source="duplicateFile.Classes.Analyser.AnalyseFileSet" ThreadId="12">
  <Message>Analyse file set</Message>
</LogEntry>
<LogEntry Date="2016-02-05 12:34:47" Severity="Info2" Source="duplicateFile.Classes.Analyser.AnalyseFileSet" ThreadId="12">
  <Message>End of Fileset analysis</Message>
</LogEntry>
<LogEntry Date="2016-02-05 12:35:08" Severity="Info2" Source="duplicateFile.MainForm.Finalize" ThreadId="10">
  <Message>Analyse ended</Message>
</LogEntry>
<LogEntry Date="2016-02-05 12:36:26" Severity="Info2" Source="duplicateFile.Classes.SMTPHelper.sendReport" ThreadId="10">
  <Message>Preparing duplicate file report</Message>
</LogEntry>
<LogEntry Date="2016-02-05 12:36:32" Severity="Error" Source="duplicateFile.Classes.SMTPHelper.sendIfNeeded" ThreadId="10">
  <Message>Error sending email : Allocation de stockage dépassée. La réponse du serveur était : 5.3.4 Message size exceeds fixed maximum message size</Message>
</LogEntry>
<LogEntry Date="2016-02-05 12:36:32" Severity="Info2" Source="duplicateFile.Classes.SMTPHelper.sendReport" ThreadId="10">
  <Message>Preparing stats</Message>
</LogEntry>
<LogEntry Date="2016-02-05 12:36:37" Severity="Info2" Source="duplicateFile.Classes.SMTPHelper.sendReport" ThreadId="10">
  <Message>Preparing error report</Message>
</LogEntry>
<LogEntry Date="2016-02-05 12:36:37" Severity="Info2" Source="duplicateFile.Classes.SMTPHelper.sendReport" ThreadId="10">
  <Message>Report sended</Message>
</LogEntry>
</LogEntries>
