<?xml version="1.0" encoding="utf-8"?>
<LogEntries>
<LogEntry Date="2019-06-04 09:40:41" Severity="Info" Source="duplicateFile.Program.Main" ThreadId="1">
  <Message>Log set.</Message>
</LogEntry>
<LogEntry Date="2019-06-04 09:40:41" Severity="Info" Source="duplicateFile.MainForm..ctor" ThreadId="1">
  <Message>Config loaded</Message>
</LogEntry>
<LogEntry Date="2019-06-04 09:48:59" Severity="Exception" Source="duplicateFile.Classes.Analyser.AnalyseFolder" ThreadId="17">
  <Exception Type="System.UnauthorizedAccessException" Source="System.IO.__Error.WinIOError">
    <Message>L'accès au chemin d'accès 'C:\Users\dapojero.DOMCAN\Documents\Ma musique' est refusé.</Message>
    <StackTrace>   à System.IO.__Error.WinIOError(Int32 errorCode, String maybeFullPath)
   à System.IO.FileSystemEnumerableIterator`1.CommonInit()
   à System.IO.FileSystemEnumerableIterator`1..ctor(String path, String originalUserPath, String searchPattern, SearchOption searchOption, SearchResultHandler`1 resultHandler, Boolean checkHost)
   à System.IO.DirectoryInfo.InternalGetFiles(String searchPattern, SearchOption searchOption)
   à System.IO.DirectoryInfo.GetFiles()
   à duplicateFile.Classes.Analyser.AnalyseFolder(DirectoryInfo di, Boolean isSharePointLibrary, BackgroundWorker worker, DoWorkEventArgs e, Boolean start)</StackTrace>
  </Exception>
</LogEntry>
<LogEntry Date="2019-06-04 09:49:10" Severity="Exception" Source="duplicateFile.Classes.Analyser.AnalyseFolder" ThreadId="17">
  <Exception Type="System.UnauthorizedAccessException" Source="System.IO.__Error.WinIOError">
    <Message>L'accès au chemin d'accès 'C:\Users\dapojero.DOMCAN\Documents\Mes images' est refusé.</Message>
    <StackTrace>   à System.IO.__Error.WinIOError(Int32 errorCode, String maybeFullPath)
   à System.IO.FileSystemEnumerableIterator`1.CommonInit()
   à System.IO.FileSystemEnumerableIterator`1..ctor(String path, String originalUserPath, String searchPattern, SearchOption searchOption, SearchResultHandler`1 resultHandler, Boolean checkHost)
   à System.IO.DirectoryInfo.InternalGetFiles(String searchPattern, SearchOption searchOption)
   à System.IO.DirectoryInfo.GetFiles()
   à duplicateFile.Classes.Analyser.AnalyseFolder(DirectoryInfo di, Boolean isSharePointLibrary, BackgroundWorker worker, DoWorkEventArgs e, Boolean start)</StackTrace>
  </Exception>
</LogEntry>
<LogEntry Date="2019-06-04 09:49:10" Severity="Exception" Source="duplicateFile.Classes.Analyser.AnalyseFolder" ThreadId="17">
  <Exception Type="System.UnauthorizedAccessException" Source="System.IO.__Error.WinIOError">
    <Message>L'accès au chemin d'accès 'C:\Users\dapojero.DOMCAN\Documents\Mes vidéos' est refusé.</Message>
    <StackTrace>   à System.IO.__Error.WinIOError(Int32 errorCode, String maybeFullPath)
   à System.IO.FileSystemEnumerableIterator`1.CommonInit()
   à System.IO.FileSystemEnumerableIterator`1..ctor(String path, String originalUserPath, String searchPattern, SearchOption searchOption, SearchResultHandler`1 resultHandler, Boolean checkHost)
   à System.IO.DirectoryInfo.InternalGetFiles(String searchPattern, SearchOption searchOption)
   à System.IO.DirectoryInfo.GetFiles()
   à duplicateFile.Classes.Analyser.AnalyseFolder(DirectoryInfo di, Boolean isSharePointLibrary, BackgroundWorker worker, DoWorkEventArgs e, Boolean start)</StackTrace>
  </Exception>
</LogEntry>
<LogEntry Date="2019-06-04 14:25:39" Severity="Info" Source="duplicateFile.Program.Main" ThreadId="1">
  <Message>Log set.</Message>
</LogEntry>
<LogEntry Date="2019-06-04 14:25:40" Severity="Info" Source="duplicateFile.MainForm..ctor" ThreadId="1">
  <Message>Config loaded</Message>
</LogEntry>
<LogEntry Date="2019-06-04 14:26:35" Severity="Info" Source="duplicateFile.Program.Main" ThreadId="1">
  <Message>Log set.</Message>
</LogEntry>
<LogEntry Date="2019-06-04 14:26:36" Severity="Info" Source="duplicateFile.MainForm..ctor" ThreadId="1">
  <Message>Config loaded</Message>
</LogEntry>
</LogEntries>
