<?xml version="1.0" encoding="utf-8"?>
<LogEntries>
<LogEntry Date="2018-01-18 15:17:19" Severity="Info" Source="duplicateFile.Program.Main" ThreadId="10">
  <Message>Log set.</Message>
</LogEntry>
<LogEntry Date="2018-01-18 15:17:20" Severity="Info" Source="duplicateFile.MainForm..ctor" ThreadId="10">
  <Message>Config loaded</Message>
</LogEntry>
<LogEntry Date="2018-01-18 15:21:52" Severity="Info" Source="duplicateFile.Program.Main" ThreadId="9">
  <Message>Log set.</Message>
</LogEntry>
<LogEntry Date="2018-01-18 15:21:52" Severity="Info" Source="duplicateFile.MainForm..ctor" ThreadId="9">
  <Message>Config loaded</Message>
</LogEntry>
<LogEntry Date="2018-01-18 16:05:08" Severity="Info" Source="duplicateFile.Program.Main" ThreadId="9">
  <Message>Log set.</Message>
</LogEntry>
<LogEntry Date="2018-01-18 16:05:08" Severity="Info" Source="duplicateFile.MainForm..ctor" ThreadId="9">
  <Message>Config loaded</Message>
</LogEntry>
<LogEntry Date="2018-01-18 16:05:27" Severity="Info2" Source="duplicateFile.MainForm.startAnalyse" ThreadId="9">
  <Message>Analyse started</Message>
</LogEntry>
<LogEntry Date="2018-01-18 16:08:08" Severity="Info" Source="duplicateFile.Program.Main" ThreadId="8">
  <Message>Log set.</Message>
</LogEntry>
<LogEntry Date="2018-01-18 16:08:08" Severity="Info" Source="duplicateFile.MainForm..ctor" ThreadId="8">
  <Message>Config loaded</Message>
</LogEntry>
<LogEntry Date="2018-01-18 16:08:14" Severity="Info2" Source="duplicateFile.MainForm.startAnalyse" ThreadId="8">
  <Message>Analyse started</Message>
</LogEntry>
<LogEntry Date="2018-01-18 16:28:03" Severity="Info" Source="duplicateFile.Program.Main" ThreadId="10">
  <Message>Log set.</Message>
</LogEntry>
<LogEntry Date="2018-01-18 16:28:03" Severity="Info" Source="duplicateFile.MainForm..ctor" ThreadId="10">
  <Message>Config loaded</Message>
</LogEntry>
<LogEntry Date="2018-01-18 16:28:11" Severity="Info2" Source="duplicateFile.MainForm.startAnalyse" ThreadId="10">
  <Message>Analyse started</Message>
</LogEntry>
<LogEntry Date="2018-01-18 16:28:11" Severity="Info2" Source="duplicateFile.Classes.Analyser.AnalyseFolder" ThreadId="3">
  <Message>Starting folder analysis</Message>
</LogEntry>
<LogEntry Date="2018-01-18 16:28:55" Severity="Info" Source="duplicateFile.Program.Main" ThreadId="9">
  <Message>Log set.</Message>
</LogEntry>
<LogEntry Date="2018-01-18 16:28:55" Severity="Info" Source="duplicateFile.MainForm..ctor" ThreadId="9">
  <Message>Config loaded</Message>
</LogEntry>
<LogEntry Date="2018-01-18 16:33:10" Severity="Info2" Source="duplicateFile.MainForm.startAnalyse" ThreadId="9">
  <Message>Analyse started</Message>
</LogEntry>
<LogEntry Date="2018-01-18 16:33:10" Severity="Info2" Source="duplicateFile.Classes.Analyser.AnalyseFolder" ThreadId="11">
  <Message>Starting folder analysis</Message>
</LogEntry>
<LogEntry Date="2018-01-18 16:39:58" Severity="Info" Source="duplicateFile.Program.Main" ThreadId="10">
  <Message>Log set.</Message>
</LogEntry>
<LogEntry Date="2018-01-18 16:39:58" Severity="Info" Source="duplicateFile.MainForm..ctor" ThreadId="10">
  <Message>Config loaded</Message>
</LogEntry>
<LogEntry Date="2018-01-18 16:40:53" Severity="Info2" Source="duplicateFile.MainForm.startAnalyse" ThreadId="10">
  <Message>Analyse started</Message>
</LogEntry>
<LogEntry Date="2018-01-18 16:40:53" Severity="Info2" Source="duplicateFile.Classes.Analyser.AnalyseFolder" ThreadId="3">
  <Message>Starting folder analysis</Message>
</LogEntry>
<LogEntry Date="2018-01-18 16:51:16" Severity="Info" Source="duplicateFile.Program.Main" ThreadId="9">
  <Message>Log set.</Message>
</LogEntry>
<LogEntry Date="2018-01-18 16:51:16" Severity="Info" Source="duplicateFile.MainForm..ctor" ThreadId="9">
  <Message>Config loaded</Message>
</LogEntry>
<LogEntry Date="2018-01-18 16:51:22" Severity="Info2" Source="duplicateFile.MainForm.startAnalyse" ThreadId="9">
  <Message>Analyse started</Message>
</LogEntry>
<LogEntry Date="2018-01-18 16:51:22" Severity="Info2" Source="duplicateFile.Classes.Analyser.AnalyseFolder" ThreadId="12">
  <Message>Starting folder analysis</Message>
</LogEntry>
<LogEntry Date="2018-01-18 16:53:55" Severity="Info" Source="duplicateFile.Program.Main" ThreadId="9">
  <Message>Log set.</Message>
</LogEntry>
<LogEntry Date="2018-01-18 16:53:55" Severity="Info" Source="duplicateFile.MainForm..ctor" ThreadId="9">
  <Message>Config loaded</Message>
</LogEntry>
<LogEntry Date="2018-01-18 16:54:00" Severity="Info2" Source="duplicateFile.MainForm.startAnalyse" ThreadId="9">
  <Message>Analyse started</Message>
</LogEntry>
<LogEntry Date="2018-01-18 16:54:00" Severity="Info2" Source="duplicateFile.Classes.Analyser.AnalyseFolder" ThreadId="12">
  <Message>Starting folder analysis</Message>
</LogEntry>
<LogEntry Date="2018-01-18 17:00:06" Severity="Info" Source="duplicateFile.Program.Main" ThreadId="9">
  <Message>Log set.</Message>
</LogEntry>
<LogEntry Date="2018-01-18 17:00:06" Severity="Info" Source="duplicateFile.MainForm..ctor" ThreadId="9">
  <Message>Config loaded</Message>
</LogEntry>
<LogEntry Date="2018-01-18 17:00:15" Severity="Info2" Source="duplicateFile.MainForm.startAnalyse" ThreadId="9">
  <Message>Analyse started</Message>
</LogEntry>
<LogEntry Date="2018-01-18 17:00:15" Severity="Info2" Source="duplicateFile.Classes.Analyser.AnalyseFolder" ThreadId="11">
  <Message>Starting folder analysis</Message>
</LogEntry>
<LogEntry Date="2018-01-18 17:04:14" Severity="Info" Source="duplicateFile.Program.Main" ThreadId="9">
  <Message>Log set.</Message>
</LogEntry>
<LogEntry Date="2018-01-18 17:04:14" Severity="Info" Source="duplicateFile.MainForm..ctor" ThreadId="9">
  <Message>Config loaded</Message>
</LogEntry>
<LogEntry Date="2018-01-18 17:04:20" Severity="Info2" Source="duplicateFile.MainForm.startAnalyse" ThreadId="9">
  <Message>Analyse started</Message>
</LogEntry>
<LogEntry Date="2018-01-18 17:04:20" Severity="Info2" Source="duplicateFile.Classes.Analyser.AnalyseFolder" ThreadId="12">
  <Message>Starting folder analysis</Message>
</LogEntry>
<LogEntry Date="2018-01-18 17:16:43" Severity="Info" Source="duplicateFile.Program.Main" ThreadId="9">
  <Message>Log set.</Message>
</LogEntry>
<LogEntry Date="2018-01-18 17:16:44" Severity="Info" Source="duplicateFile.MainForm..ctor" ThreadId="9">
  <Message>Config loaded</Message>
</LogEntry>
<LogEntry Date="2018-01-18 17:16:48" Severity="Info2" Source="duplicateFile.MainForm.startAnalyse" ThreadId="9">
  <Message>Analyse started</Message>
</LogEntry>
<LogEntry Date="2018-01-18 17:16:48" Severity="Info2" Source="duplicateFile.Classes.Analyser.AnalyseFolder" ThreadId="12">
  <Message>Starting folder analysis</Message>
</LogEntry>
<LogEntry Date="2018-01-18 17:18:07" Severity="Info" Source="duplicateFile.Program.Main" ThreadId="9">
  <Message>Log set.</Message>
</LogEntry>
<LogEntry Date="2018-01-18 17:18:07" Severity="Info" Source="duplicateFile.MainForm..ctor" ThreadId="9">
  <Message>Config loaded</Message>
</LogEntry>
<LogEntry Date="2018-01-18 17:18:12" Severity="Info2" Source="duplicateFile.MainForm.startAnalyse" ThreadId="9">
  <Message>Analyse started</Message>
</LogEntry>
<LogEntry Date="2018-01-18 17:18:12" Severity="Info2" Source="duplicateFile.Classes.Analyser.AnalyseFolder" ThreadId="11">
  <Message>Starting folder analysis</Message>
</LogEntry>
<LogEntry Date="2018-01-18 17:22:51" Severity="Info" Source="duplicateFile.Program.Main" ThreadId="9">
  <Message>Log set.</Message>
</LogEntry>
<LogEntry Date="2018-01-18 17:22:52" Severity="Info" Source="duplicateFile.MainForm..ctor" ThreadId="9">
  <Message>Config loaded</Message>
</LogEntry>
<LogEntry Date="2018-01-18 17:23:11" Severity="Info2" Source="duplicateFile.MainForm.startAnalyse" ThreadId="9">
  <Message>Analyse started</Message>
</LogEntry>
<LogEntry Date="2018-01-18 17:23:11" Severity="Info2" Source="duplicateFile.Classes.Analyser.AnalyseFolder" ThreadId="11">
  <Message>Starting folder analysis</Message>
</LogEntry>
<LogEntry Date="2018-01-18 17:23:16" Severity="Info2" Source="duplicateFile.Classes.Analyser.AnalyseFileSet" ThreadId="11">
  <Message>Analyse file set</Message>
</LogEntry>
<LogEntry Date="2018-01-18 17:23:16" Severity="Info2" Source="duplicateFile.Classes.Analyser.AnalyseFileSet" ThreadId="11">
  <Message>End of Fileset analysis</Message>
</LogEntry>
<LogEntry Date="2018-01-18 17:23:16" Severity="Info2" Source="duplicateFile.Classes.SMTPHelper.sendReport" ThreadId="9">
  <Message>Preparing duplicate file report</Message>
</LogEntry>
<LogEntry Date="2018-01-18 17:23:17" Severity="Info2" Source="duplicateFile.Classes.SMTPHelper.sendReport" ThreadId="9">
  <Message>Preparing error report</Message>
</LogEntry>
<LogEntry Date="2018-01-18 17:23:17" Severity="Info2" Source="duplicateFile.Classes.SMTPHelper.sendReport" ThreadId="9">
  <Message>Report sended</Message>
</LogEntry>
<LogEntry Date="2018-01-18 17:23:43" Severity="Info2" Source="duplicateFile.MainForm.startAnalyse" ThreadId="9">
  <Message>Analyse started</Message>
</LogEntry>
<LogEntry Date="2018-01-18 17:23:43" Severity="Info2" Source="duplicateFile.Classes.Analyser.AnalyseFolder" ThreadId="3">
  <Message>Starting folder analysis</Message>
</LogEntry>
<LogEntry Date="2018-01-18 17:33:27" Severity="Info" Source="duplicateFile.Program.Main" ThreadId="9">
  <Message>Log set.</Message>
</LogEntry>
<LogEntry Date="2018-01-18 17:33:27" Severity="Info" Source="duplicateFile.MainForm..ctor" ThreadId="9">
  <Message>Config loaded</Message>
</LogEntry>
<LogEntry Date="2018-01-18 17:33:43" Severity="Info" Source="duplicateFile.Program.Main" ThreadId="10">
  <Message>Log set.</Message>
</LogEntry>
<LogEntry Date="2018-01-18 17:33:43" Severity="Info" Source="duplicateFile.MainForm..ctor" ThreadId="10">
  <Message>Config loaded</Message>
</LogEntry>
<LogEntry Date="2018-01-18 17:33:49" Severity="Info2" Source="duplicateFile.MainForm.startAnalyse" ThreadId="10">
  <Message>Analyse started</Message>
</LogEntry>
<LogEntry Date="2018-01-18 17:33:51" Severity="Info2" Source="duplicateFile.Classes.Analyser.AnalyseFolder" ThreadId="12">
  <Message>Starting folder analysis</Message>
</LogEntry>
<LogEntry Date="2018-01-18 17:34:17" Severity="Info2" Source="duplicateFile.Classes.Analyser.AnalyseFileSet" ThreadId="12">
  <Message>Analyse file set</Message>
</LogEntry>
<LogEntry Date="2018-01-18 17:34:17" Severity="Info2" Source="duplicateFile.Classes.Analyser.AnalyseFileSet" ThreadId="12">
  <Message>End of Fileset analysis</Message>
</LogEntry>
<LogEntry Date="2018-01-18 17:34:17" Severity="Info2" Source="duplicateFile.Classes.SMTPHelper.sendReport" ThreadId="10">
  <Message>Preparing duplicate file report</Message>
</LogEntry>
<LogEntry Date="2018-01-18 17:34:18" Severity="Info2" Source="duplicateFile.Classes.SMTPHelper.sendReport" ThreadId="10">
  <Message>Preparing error report</Message>
</LogEntry>
<LogEntry Date="2018-01-18 17:34:18" Severity="Info2" Source="duplicateFile.Classes.SMTPHelper.sendReport" ThreadId="10">
  <Message>Report sended</Message>
</LogEntry>
<LogEntry Date="2018-01-18 17:34:47" Severity="Info" Source="duplicateFile.Program.Main" ThreadId="10">
  <Message>Log set.</Message>
</LogEntry>
<LogEntry Date="2018-01-18 17:34:47" Severity="Info" Source="duplicateFile.MainForm..ctor" ThreadId="10">
  <Message>Config loaded</Message>
</LogEntry>
<LogEntry Date="2018-01-18 17:34:51" Severity="Info2" Source="duplicateFile.MainForm.startAnalyse" ThreadId="10">
  <Message>Analyse started</Message>
</LogEntry>
<LogEntry Date="2018-01-18 17:34:53" Severity="Info2" Source="duplicateFile.Classes.Analyser.AnalyseFolder" ThreadId="12">
  <Message>Starting folder analysis</Message>
</LogEntry>
<LogEntry Date="2018-01-18 17:35:41" Severity="Info" Source="duplicateFile.Program.Main" ThreadId="10">
  <Message>Log set.</Message>
</LogEntry>
<LogEntry Date="2018-01-18 17:35:42" Severity="Info" Source="duplicateFile.MainForm..ctor" ThreadId="10">
  <Message>Config loaded</Message>
</LogEntry>
<LogEntry Date="2018-01-18 17:35:46" Severity="Info2" Source="duplicateFile.MainForm.startAnalyse" ThreadId="10">
  <Message>Analyse started</Message>
</LogEntry>
<LogEntry Date="2018-01-18 17:35:50" Severity="Info2" Source="duplicateFile.Classes.Analyser.AnalyseFolder" ThreadId="12">
  <Message>Starting folder analysis</Message>
</LogEntry>
</LogEntries>
