<?xml version="1.0" encoding="utf-8"?>
<LogEntries>
<LogEntry Date="2016-02-16 16:26:30" Severity="Info" Source="duplicateFile.Program.Main" ThreadId="1">
  <Message>Log set.</Message>
</LogEntry>
<LogEntry Date="2016-02-16 16:26:32" Severity="Info" Source="duplicateFile.MainForm..ctor" ThreadId="1">
  <Message>Config loaded</Message>
</LogEntry>
<LogEntry Date="2016-02-16 17:42:52" Severity="Info" Source="duplicateFile.Program.Main" ThreadId="9">
  <Message>Log set.</Message>
</LogEntry>
<LogEntry Date="2016-02-16 17:42:52" Severity="Info" Source="duplicateFile.MainForm..ctor" ThreadId="9">
  <Message>Config loaded</Message>
</LogEntry>
</LogEntries>
