<?xml version="1.0" encoding="utf-8"?>
<LogEntries>
<LogEntry Date="2019-03-19 18:30:44" Severity="Info" Source="duplicateFile.Program.Main" ThreadId="1">
  <Message>Log set.</Message>
</LogEntry>
<LogEntry Date="2019-03-19 18:30:44" Severity="Info" Source="duplicateFile.MainForm..ctor" ThreadId="1">
  <Message>Automatic mode job id:8d25b96f-282f-4c46-a653-6e97b49639bb</Message>
</LogEntry>
<LogEntry Date="2019-03-19 18:30:45" Severity="Info" Source="duplicateFile.MainForm..ctor" ThreadId="1">
  <Message>Config loaded</Message>
</LogEntry>
<LogEntry Date="2019-03-19 18:30:45" Severity="Warning" Source="duplicateFile.MainForm.connectNetWorkDrive" ThreadId="1">
  <Message>Erreur à la connection du lecteur réseau
L'erreur systŠme 85 s'est produite.

Nom de p‚riph‚rique local d‚j… utilis‚.

</Message>
</LogEntry>
<LogEntry Date="2019-03-19 18:30:52" Severity="Error" Source="duplicateFile.Classes.Analyser.AnalyseFolder" ThreadId="9">
  <Message>Error :L'index 193961 est négatif ou supérieur au nombre de lignes.</Message>
</LogEntry>
<LogEntry Date="2019-03-19 18:31:04" Severity="Error" Source="duplicateFile.Classes.Analyser.AnalyseFolder" ThreadId="9">
  <Message>Error :L'index 193947 est négatif ou supérieur au nombre de lignes.</Message>
</LogEntry>
<LogEntry Date="2019-03-19 18:31:04" Severity="Error" Source="duplicateFile.Classes.Analyser.AnalyseFolder" ThreadId="9">
  <Message>Error :L'index 193946 est négatif ou supérieur au nombre de lignes.</Message>
</LogEntry>
<LogEntry Date="2019-03-19 18:36:04" Severity="Error" Source="duplicateFile.Classes.Analyser.AnalyseFolder" ThreadId="9">
  <Message>Error :Cannot read that as a ZipFile</Message>
</LogEntry>
<LogEntry Date="2019-03-19 18:43:10" Severity="Error" Source="duplicateFile.Classes.Analyser.AnalyseFolder" ThreadId="9">
  <Message>Error :Cannot read that as a ZipFile</Message>
</LogEntry>
<LogEntry Date="2019-03-19 18:53:23" Severity="Error" Source="duplicateFile.Classes.Analyser.AnalyseFolder" ThreadId="9">
  <Message>Error :Une exception de type 'System.OutOfMemoryException' a été levée.</Message>
</LogEntry>
<LogEntry Date="2019-03-19 18:53:29" Severity="Error" Source="duplicateFile.Classes.Analyser.AnalyseFolder" ThreadId="9">
  <Message>Error :Cannot read that as a ZipFile</Message>
</LogEntry>
<LogEntry Date="2019-03-19 18:53:29" Severity="Error" Source="duplicateFile.Classes.Analyser.AnalyseFolder" ThreadId="9">
  <Message>Error :Cannot read that as a ZipFile</Message>
</LogEntry>
<LogEntry Date="2019-03-19 18:59:19" Severity="Error" Source="duplicateFile.Classes.Analyser.AnalyseFolder" ThreadId="9">
  <Message>Error :Cannot read that as a ZipFile</Message>
</LogEntry>
<LogEntry Date="2019-03-19 19:32:58" Severity="Error" Source="duplicateFile.Classes.Analyser.AnalyseFolder" ThreadId="9">
  <Message>Error :Une exception de type 'System.OutOfMemoryException' a été levée.</Message>
</LogEntry>
<LogEntry Date="2019-03-19 20:10:28" Severity="Error" Source="duplicateFile.Classes.Analyser.AnalyseFolder" ThreadId="9">
  <Message>Error :Une exception de type 'System.OutOfMemoryException' a été levée.</Message>
</LogEntry>
<LogEntry Date="2019-03-19 20:10:44" Severity="Exception" Source="duplicateFile.Classes.Analyser.AnalyseFolder" ThreadId="9">
  <Exception Type="System.IO.PathTooLongException" Source="System.IO.__Error.WinIOError">
    <Message>Le chemin d'accès spécifié, le nom de fichier ou les deux sont trop longs. Le nom de fichier qualifié complet doit comprendre moins de 260 caractères et le nom du répertoire moins de 248 caractères.</Message>
    <StackTrace>   à System.IO.__Error.WinIOError(Int32 errorCode, String maybeFullPath)
   à System.IO.FileSystemEnumerableIterator`1.MoveNext()
   à System.Collections.Generic.List`1..ctor(IEnumerable`1 collection)
   à System.IO.DirectoryInfo.InternalGetFiles(String searchPattern, SearchOption searchOption)
   à System.IO.DirectoryInfo.GetFiles()
   à duplicateFile.Classes.Analyser.AnalyseFolder(DirectoryInfo di, Boolean isSharePointLibrary, BackgroundWorker worker, DoWorkEventArgs e, Boolean start)</StackTrace>
  </Exception>
</LogEntry>
<LogEntry Date="2019-03-19 20:13:05" Severity="Error" Source="duplicateFile.Classes.Analyser.AnalyseFolder" ThreadId="9">
  <Message>Error :Cannot read that as a ZipFile</Message>
</LogEntry>
<LogEntry Date="2019-03-19 20:13:06" Severity="Error" Source="duplicateFile.Classes.Analyser.AnalyseFolder" ThreadId="9">
  <Message>Error :Cannot read that as a ZipFile</Message>
</LogEntry>
<LogEntry Date="2019-03-19 20:18:39" Severity="Error" Source="duplicateFile.Classes.Analyser.AnalyseFolder" ThreadId="9">
  <Message>Error :Une exception de type 'System.OutOfMemoryException' a été levée.</Message>
</LogEntry>
<LogEntry Date="2019-03-19 20:35:49" Severity="Error" Source="duplicateFile.Classes.Analyser.AnalyseFolder" ThreadId="9">
  <Message>Error :Une exception de type 'System.OutOfMemoryException' a été levée.</Message>
</LogEntry>
<LogEntry Date="2019-03-19 20:42:17" Severity="Error" Source="duplicateFile.Classes.Analyser.AnalyseFolder" ThreadId="9">
  <Message>Error :Une exception de type 'System.OutOfMemoryException' a été levée.</Message>
</LogEntry>
<LogEntry Date="2019-03-19 20:42:29" Severity="Error" Source="duplicateFile.Classes.Analyser.AnalyseFolder" ThreadId="9">
  <Message>Error :Une exception de type 'System.OutOfMemoryException' a été levée.</Message>
</LogEntry>
<LogEntry Date="2019-03-19 20:50:04" Severity="Error" Source="duplicateFile.Classes.Analyser.AnalyseFolder" ThreadId="9">
  <Message>Error :Cannot read that as a ZipFile</Message>
</LogEntry>
<LogEntry Date="2019-03-19 21:15:40" Severity="Error" Source="duplicateFile.Classes.Analyser.AnalyseFolder" ThreadId="9">
  <Message>Error :Une exception de type 'System.OutOfMemoryException' a été levée.</Message>
</LogEntry>
<LogEntry Date="2019-03-19 21:17:17" Severity="Error" Source="duplicateFile.Classes.Analyser.AnalyseFolder" ThreadId="9">
  <Message>Error :Une exception de type 'System.OutOfMemoryException' a été levée.</Message>
</LogEntry>
<LogEntry Date="2019-03-19 21:17:45" Severity="Error" Source="duplicateFile.Classes.Analyser.AnalyseFolder" ThreadId="9">
  <Message>Error :Une exception de type 'System.OutOfMemoryException' a été levée.</Message>
</LogEntry>
<LogEntry Date="2019-03-19 21:18:46" Severity="Error" Source="duplicateFile.Classes.Analyser.AnalyseFolder" ThreadId="9">
  <Message>Error :Une exception de type 'System.OutOfMemoryException' a été levée.</Message>
</LogEntry>
<LogEntry Date="2019-03-19 21:19:32" Severity="Error" Source="duplicateFile.Classes.Analyser.AnalyseFolder" ThreadId="9">
  <Message>Error :Une exception de type 'System.OutOfMemoryException' a été levée.</Message>
</LogEntry>
<LogEntry Date="2019-03-19 21:19:38" Severity="Error" Source="duplicateFile.Classes.Analyser.AnalyseFolder" ThreadId="9">
  <Message>Error :Une exception de type 'System.OutOfMemoryException' a été levée.</Message>
</LogEntry>
<LogEntry Date="2019-03-19 21:19:45" Severity="Error" Source="duplicateFile.Classes.Analyser.AnalyseFolder" ThreadId="9">
  <Message>Error :Une exception de type 'System.OutOfMemoryException' a été levée.</Message>
</LogEntry>
<LogEntry Date="2019-03-19 21:19:51" Severity="Error" Source="duplicateFile.Classes.Analyser.AnalyseFolder" ThreadId="9">
  <Message>Error :Une exception de type 'System.OutOfMemoryException' a été levée.</Message>
</LogEntry>
<LogEntry Date="2019-03-19 21:20:03" Severity="Error" Source="duplicateFile.Classes.Analyser.AnalyseFolder" ThreadId="9">
  <Message>Error :Une exception de type 'System.OutOfMemoryException' a été levée.</Message>
</LogEntry>
<LogEntry Date="2019-03-19 21:20:09" Severity="Error" Source="duplicateFile.Classes.Analyser.AnalyseFolder" ThreadId="9">
  <Message>Error :Une exception de type 'System.OutOfMemoryException' a été levée.</Message>
</LogEntry>
<LogEntry Date="2019-03-19 21:20:16" Severity="Error" Source="duplicateFile.Classes.Analyser.AnalyseFolder" ThreadId="9">
  <Message>Error :Une exception de type 'System.OutOfMemoryException' a été levée.</Message>
</LogEntry>
<LogEntry Date="2019-03-19 21:20:22" Severity="Error" Source="duplicateFile.Classes.Analyser.AnalyseFolder" ThreadId="9">
  <Message>Error :Une exception de type 'System.OutOfMemoryException' a été levée.</Message>
</LogEntry>
<LogEntry Date="2019-03-19 21:20:28" Severity="Error" Source="duplicateFile.Classes.Analyser.AnalyseFolder" ThreadId="9">
  <Message>Error :Une exception de type 'System.OutOfMemoryException' a été levée.</Message>
</LogEntry>
<LogEntry Date="2019-03-19 21:20:36" Severity="Error" Source="duplicateFile.Classes.Analyser.AnalyseFolder" ThreadId="9">
  <Message>Error :Une exception de type 'System.OutOfMemoryException' a été levée.</Message>
</LogEntry>
<LogEntry Date="2019-03-19 21:20:42" Severity="Error" Source="duplicateFile.Classes.Analyser.AnalyseFolder" ThreadId="9">
  <Message>Error :Une exception de type 'System.OutOfMemoryException' a été levée.</Message>
</LogEntry>
<LogEntry Date="2019-03-19 21:20:49" Severity="Error" Source="duplicateFile.Classes.Analyser.AnalyseFolder" ThreadId="9">
  <Message>Error :Une exception de type 'System.OutOfMemoryException' a été levée.</Message>
</LogEntry>
<LogEntry Date="2019-03-19 21:20:56" Severity="Error" Source="duplicateFile.Classes.Analyser.AnalyseFolder" ThreadId="9">
  <Message>Error :Une exception de type 'System.OutOfMemoryException' a été levée.</Message>
</LogEntry>
<LogEntry Date="2019-03-19 21:21:03" Severity="Error" Source="duplicateFile.Classes.Analyser.AnalyseFolder" ThreadId="9">
  <Message>Error :Une exception de type 'System.OutOfMemoryException' a été levée.</Message>
</LogEntry>
<LogEntry Date="2019-03-19 21:21:10" Severity="Error" Source="duplicateFile.Classes.Analyser.AnalyseFolder" ThreadId="9">
  <Message>Error :Une exception de type 'System.OutOfMemoryException' a été levée.</Message>
</LogEntry>
<LogEntry Date="2019-03-19 21:21:18" Severity="Error" Source="duplicateFile.Classes.Analyser.AnalyseFolder" ThreadId="9">
  <Message>Error :Une exception de type 'System.OutOfMemoryException' a été levée.</Message>
</LogEntry>
<LogEntry Date="2019-03-19 21:21:24" Severity="Error" Source="duplicateFile.Classes.Analyser.AnalyseFolder" ThreadId="9">
  <Message>Error :Une exception de type 'System.OutOfMemoryException' a été levée.</Message>
</LogEntry>
<LogEntry Date="2019-03-19 21:21:31" Severity="Error" Source="duplicateFile.Classes.Analyser.AnalyseFolder" ThreadId="9">
  <Message>Error :Une exception de type 'System.OutOfMemoryException' a été levée.</Message>
</LogEntry>
<LogEntry Date="2019-03-19 21:21:38" Severity="Error" Source="duplicateFile.Classes.Analyser.AnalyseFolder" ThreadId="9">
  <Message>Error :Une exception de type 'System.OutOfMemoryException' a été levée.</Message>
</LogEntry>
<LogEntry Date="2019-03-19 21:21:45" Severity="Error" Source="duplicateFile.Classes.Analyser.AnalyseFolder" ThreadId="9">
  <Message>Error :Une exception de type 'System.OutOfMemoryException' a été levée.</Message>
</LogEntry>
<LogEntry Date="2019-03-19 21:21:51" Severity="Error" Source="duplicateFile.Classes.Analyser.AnalyseFolder" ThreadId="9">
  <Message>Error :Une exception de type 'System.OutOfMemoryException' a été levée.</Message>
</LogEntry>
<LogEntry Date="2019-03-19 21:21:59" Severity="Error" Source="duplicateFile.Classes.Analyser.AnalyseFolder" ThreadId="9">
  <Message>Error :Une exception de type 'System.OutOfMemoryException' a été levée.</Message>
</LogEntry>
<LogEntry Date="2019-03-19 21:22:06" Severity="Error" Source="duplicateFile.Classes.Analyser.AnalyseFolder" ThreadId="9">
  <Message>Error :Une exception de type 'System.OutOfMemoryException' a été levée.</Message>
</LogEntry>
<LogEntry Date="2019-03-19 21:22:13" Severity="Error" Source="duplicateFile.Classes.Analyser.AnalyseFolder" ThreadId="9">
  <Message>Error :Une exception de type 'System.OutOfMemoryException' a été levée.</Message>
</LogEntry>
<LogEntry Date="2019-03-19 21:22:20" Severity="Error" Source="duplicateFile.Classes.Analyser.AnalyseFolder" ThreadId="9">
  <Message>Error :Une exception de type 'System.OutOfMemoryException' a été levée.</Message>
</LogEntry>
<LogEntry Date="2019-03-19 21:22:26" Severity="Error" Source="duplicateFile.Classes.Analyser.AnalyseFolder" ThreadId="9">
  <Message>Error :Une exception de type 'System.OutOfMemoryException' a été levée.</Message>
</LogEntry>
<LogEntry Date="2019-03-19 21:22:33" Severity="Error" Source="duplicateFile.Classes.Analyser.AnalyseFolder" ThreadId="9">
  <Message>Error :Une exception de type 'System.OutOfMemoryException' a été levée.</Message>
</LogEntry>
<LogEntry Date="2019-03-19 21:22:39" Severity="Error" Source="duplicateFile.Classes.Analyser.AnalyseFolder" ThreadId="9">
  <Message>Error :Une exception de type 'System.OutOfMemoryException' a été levée.</Message>
</LogEntry>
<LogEntry Date="2019-03-19 21:22:46" Severity="Error" Source="duplicateFile.Classes.Analyser.AnalyseFolder" ThreadId="9">
  <Message>Error :Une exception de type 'System.OutOfMemoryException' a été levée.</Message>
</LogEntry>
<LogEntry Date="2019-03-19 21:22:53" Severity="Error" Source="duplicateFile.Classes.Analyser.AnalyseFolder" ThreadId="9">
  <Message>Error :Une exception de type 'System.OutOfMemoryException' a été levée.</Message>
</LogEntry>
<LogEntry Date="2019-03-19 21:23:00" Severity="Error" Source="duplicateFile.Classes.Analyser.AnalyseFolder" ThreadId="9">
  <Message>Error :Une exception de type 'System.OutOfMemoryException' a été levée.</Message>
</LogEntry>
<LogEntry Date="2019-03-19 21:23:07" Severity="Error" Source="duplicateFile.Classes.Analyser.AnalyseFolder" ThreadId="9">
  <Message>Error :Une exception de type 'System.OutOfMemoryException' a été levée.</Message>
</LogEntry>
<LogEntry Date="2019-03-19 21:23:14" Severity="Error" Source="duplicateFile.Classes.Analyser.AnalyseFolder" ThreadId="9">
  <Message>Error :Une exception de type 'System.OutOfMemoryException' a été levée.</Message>
</LogEntry>
<LogEntry Date="2019-03-19 21:23:21" Severity="Error" Source="duplicateFile.Classes.Analyser.AnalyseFolder" ThreadId="9">
  <Message>Error :Une exception de type 'System.OutOfMemoryException' a été levée.</Message>
</LogEntry>
<LogEntry Date="2019-03-19 21:23:28" Severity="Error" Source="duplicateFile.Classes.Analyser.AnalyseFolder" ThreadId="9">
  <Message>Error :Une exception de type 'System.OutOfMemoryException' a été levée.</Message>
</LogEntry>
<LogEntry Date="2019-03-19 21:23:35" Severity="Error" Source="duplicateFile.Classes.Analyser.AnalyseFolder" ThreadId="9">
  <Message>Error :Une exception de type 'System.OutOfMemoryException' a été levée.</Message>
</LogEntry>
<LogEntry Date="2019-03-19 21:23:42" Severity="Error" Source="duplicateFile.Classes.Analyser.AnalyseFolder" ThreadId="9">
  <Message>Error :Une exception de type 'System.OutOfMemoryException' a été levée.</Message>
</LogEntry>
<LogEntry Date="2019-03-19 21:23:49" Severity="Error" Source="duplicateFile.Classes.Analyser.AnalyseFolder" ThreadId="9">
  <Message>Error :Une exception de type 'System.OutOfMemoryException' a été levée.</Message>
</LogEntry>
<LogEntry Date="2019-03-19 21:23:56" Severity="Error" Source="duplicateFile.Classes.Analyser.AnalyseFolder" ThreadId="9">
  <Message>Error :Une exception de type 'System.OutOfMemoryException' a été levée.</Message>
</LogEntry>
<LogEntry Date="2019-03-19 21:24:03" Severity="Error" Source="duplicateFile.Classes.Analyser.AnalyseFolder" ThreadId="9">
  <Message>Error :Une exception de type 'System.OutOfMemoryException' a été levée.</Message>
</LogEntry>
<LogEntry Date="2019-03-19 21:24:10" Severity="Error" Source="duplicateFile.Classes.Analyser.AnalyseFolder" ThreadId="9">
  <Message>Error :Une exception de type 'System.OutOfMemoryException' a été levée.</Message>
</LogEntry>
<LogEntry Date="2019-03-19 21:24:17" Severity="Error" Source="duplicateFile.Classes.Analyser.AnalyseFolder" ThreadId="9">
  <Message>Error :Une exception de type 'System.OutOfMemoryException' a été levée.</Message>
</LogEntry>
<LogEntry Date="2019-03-19 21:24:23" Severity="Error" Source="duplicateFile.Classes.Analyser.AnalyseFolder" ThreadId="9">
  <Message>Error :Une exception de type 'System.OutOfMemoryException' a été levée.</Message>
</LogEntry>
<LogEntry Date="2019-03-19 21:24:30" Severity="Error" Source="duplicateFile.Classes.Analyser.AnalyseFolder" ThreadId="9">
  <Message>Error :Une exception de type 'System.OutOfMemoryException' a été levée.</Message>
</LogEntry>
<LogEntry Date="2019-03-19 21:24:36" Severity="Error" Source="duplicateFile.Classes.Analyser.AnalyseFolder" ThreadId="9">
  <Message>Error :Une exception de type 'System.OutOfMemoryException' a été levée.</Message>
</LogEntry>
<LogEntry Date="2019-03-19 21:24:43" Severity="Error" Source="duplicateFile.Classes.Analyser.AnalyseFolder" ThreadId="9">
  <Message>Error :Une exception de type 'System.OutOfMemoryException' a été levée.</Message>
</LogEntry>
<LogEntry Date="2019-03-19 21:24:50" Severity="Error" Source="duplicateFile.Classes.Analyser.AnalyseFolder" ThreadId="9">
  <Message>Error :Une exception de type 'System.OutOfMemoryException' a été levée.</Message>
</LogEntry>
<LogEntry Date="2019-03-19 21:24:56" Severity="Error" Source="duplicateFile.Classes.Analyser.AnalyseFolder" ThreadId="9">
  <Message>Error :Une exception de type 'System.OutOfMemoryException' a été levée.</Message>
</LogEntry>
<LogEntry Date="2019-03-19 21:25:03" Severity="Error" Source="duplicateFile.Classes.Analyser.AnalyseFolder" ThreadId="9">
  <Message>Error :Une exception de type 'System.OutOfMemoryException' a été levée.</Message>
</LogEntry>
<LogEntry Date="2019-03-19 21:25:11" Severity="Error" Source="duplicateFile.Classes.Analyser.AnalyseFolder" ThreadId="9">
  <Message>Error :Une exception de type 'System.OutOfMemoryException' a été levée.</Message>
</LogEntry>
<LogEntry Date="2019-03-19 21:25:17" Severity="Error" Source="duplicateFile.Classes.Analyser.AnalyseFolder" ThreadId="9">
  <Message>Error :Une exception de type 'System.OutOfMemoryException' a été levée.</Message>
</LogEntry>
<LogEntry Date="2019-03-19 21:25:27" Severity="Error" Source="duplicateFile.Classes.Analyser.AnalyseFolder" ThreadId="9">
  <Message>Error :Une exception de type 'System.OutOfMemoryException' a été levée.</Message>
</LogEntry>
<LogEntry Date="2019-03-19 21:25:35" Severity="Error" Source="duplicateFile.Classes.Analyser.AnalyseFolder" ThreadId="9">
  <Message>Error :Une exception de type 'System.OutOfMemoryException' a été levée.</Message>
</LogEntry>
<LogEntry Date="2019-03-19 21:25:45" Severity="Error" Source="duplicateFile.Classes.Analyser.AnalyseFolder" ThreadId="9">
  <Message>Error :Une exception de type 'System.OutOfMemoryException' a été levée.</Message>
</LogEntry>
<LogEntry Date="2019-03-19 21:25:54" Severity="Error" Source="duplicateFile.Classes.Analyser.AnalyseFolder" ThreadId="9">
  <Message>Error :Une exception de type 'System.OutOfMemoryException' a été levée.</Message>
</LogEntry>
<LogEntry Date="2019-03-19 21:26:01" Severity="Error" Source="duplicateFile.Classes.Analyser.AnalyseFolder" ThreadId="9">
  <Message>Error :Une exception de type 'System.OutOfMemoryException' a été levée.</Message>
</LogEntry>
<LogEntry Date="2019-03-19 21:26:08" Severity="Error" Source="duplicateFile.Classes.Analyser.AnalyseFolder" ThreadId="9">
  <Message>Error :Une exception de type 'System.OutOfMemoryException' a été levée.</Message>
</LogEntry>
<LogEntry Date="2019-03-19 21:26:15" Severity="Error" Source="duplicateFile.Classes.Analyser.AnalyseFolder" ThreadId="9">
  <Message>Error :Une exception de type 'System.OutOfMemoryException' a été levée.</Message>
</LogEntry>
<LogEntry Date="2019-03-19 21:26:29" Severity="Error" Source="duplicateFile.Classes.Analyser.AnalyseFolder" ThreadId="9">
  <Message>Error :Une exception de type 'System.OutOfMemoryException' a été levée.</Message>
</LogEntry>
<LogEntry Date="2019-03-19 21:26:36" Severity="Error" Source="duplicateFile.Classes.Analyser.AnalyseFolder" ThreadId="9">
  <Message>Error :Une exception de type 'System.OutOfMemoryException' a été levée.</Message>
</LogEntry>
<LogEntry Date="2019-03-19 21:26:43" Severity="Error" Source="duplicateFile.Classes.Analyser.AnalyseFolder" ThreadId="9">
  <Message>Error :Une exception de type 'System.OutOfMemoryException' a été levée.</Message>
</LogEntry>
<LogEntry Date="2019-03-19 21:26:50" Severity="Error" Source="duplicateFile.Classes.Analyser.AnalyseFolder" ThreadId="9">
  <Message>Error :Une exception de type 'System.OutOfMemoryException' a été levée.</Message>
</LogEntry>
<LogEntry Date="2019-03-19 21:26:57" Severity="Error" Source="duplicateFile.Classes.Analyser.AnalyseFolder" ThreadId="9">
  <Message>Error :Une exception de type 'System.OutOfMemoryException' a été levée.</Message>
</LogEntry>
<LogEntry Date="2019-03-19 21:27:04" Severity="Error" Source="duplicateFile.Classes.Analyser.AnalyseFolder" ThreadId="9">
  <Message>Error :Une exception de type 'System.OutOfMemoryException' a été levée.</Message>
</LogEntry>
<LogEntry Date="2019-03-19 21:27:10" Severity="Error" Source="duplicateFile.Classes.Analyser.AnalyseFolder" ThreadId="9">
  <Message>Error :Une exception de type 'System.OutOfMemoryException' a été levée.</Message>
</LogEntry>
<LogEntry Date="2019-03-19 21:27:17" Severity="Error" Source="duplicateFile.Classes.Analyser.AnalyseFolder" ThreadId="9">
  <Message>Error :Une exception de type 'System.OutOfMemoryException' a été levée.</Message>
</LogEntry>
<LogEntry Date="2019-03-19 21:27:24" Severity="Error" Source="duplicateFile.Classes.Analyser.AnalyseFolder" ThreadId="9">
  <Message>Error :Une exception de type 'System.OutOfMemoryException' a été levée.</Message>
</LogEntry>
<LogEntry Date="2019-03-19 21:27:31" Severity="Error" Source="duplicateFile.Classes.Analyser.AnalyseFolder" ThreadId="9">
  <Message>Error :Une exception de type 'System.OutOfMemoryException' a été levée.</Message>
</LogEntry>
<LogEntry Date="2019-03-19 21:27:37" Severity="Error" Source="duplicateFile.Classes.Analyser.AnalyseFolder" ThreadId="9">
  <Message>Error :Une exception de type 'System.OutOfMemoryException' a été levée.</Message>
</LogEntry>
<LogEntry Date="2019-03-19 21:27:44" Severity="Error" Source="duplicateFile.Classes.Analyser.AnalyseFolder" ThreadId="9">
  <Message>Error :Une exception de type 'System.OutOfMemoryException' a été levée.</Message>
</LogEntry>
<LogEntry Date="2019-03-19 21:27:51" Severity="Error" Source="duplicateFile.Classes.Analyser.AnalyseFolder" ThreadId="9">
  <Message>Error :Une exception de type 'System.OutOfMemoryException' a été levée.</Message>
</LogEntry>
<LogEntry Date="2019-03-19 21:27:58" Severity="Error" Source="duplicateFile.Classes.Analyser.AnalyseFolder" ThreadId="9">
  <Message>Error :Une exception de type 'System.OutOfMemoryException' a été levée.</Message>
</LogEntry>
<LogEntry Date="2019-03-19 21:28:05" Severity="Error" Source="duplicateFile.Classes.Analyser.AnalyseFolder" ThreadId="9">
  <Message>Error :Une exception de type 'System.OutOfMemoryException' a été levée.</Message>
</LogEntry>
<LogEntry Date="2019-03-19 21:28:11" Severity="Error" Source="duplicateFile.Classes.Analyser.AnalyseFolder" ThreadId="9">
  <Message>Error :Une exception de type 'System.OutOfMemoryException' a été levée.</Message>
</LogEntry>
<LogEntry Date="2019-03-19 21:28:18" Severity="Error" Source="duplicateFile.Classes.Analyser.AnalyseFolder" ThreadId="9">
  <Message>Error :Une exception de type 'System.OutOfMemoryException' a été levée.</Message>
</LogEntry>
<LogEntry Date="2019-03-19 21:28:25" Severity="Error" Source="duplicateFile.Classes.Analyser.AnalyseFolder" ThreadId="9">
  <Message>Error :Une exception de type 'System.OutOfMemoryException' a été levée.</Message>
</LogEntry>
<LogEntry Date="2019-03-19 21:28:32" Severity="Error" Source="duplicateFile.Classes.Analyser.AnalyseFolder" ThreadId="9">
  <Message>Error :Une exception de type 'System.OutOfMemoryException' a été levée.</Message>
</LogEntry>
<LogEntry Date="2019-03-19 21:28:39" Severity="Error" Source="duplicateFile.Classes.Analyser.AnalyseFolder" ThreadId="9">
  <Message>Error :Une exception de type 'System.OutOfMemoryException' a été levée.</Message>
</LogEntry>
<LogEntry Date="2019-03-19 21:28:46" Severity="Error" Source="duplicateFile.Classes.Analyser.AnalyseFolder" ThreadId="9">
  <Message>Error :Une exception de type 'System.OutOfMemoryException' a été levée.</Message>
</LogEntry>
<LogEntry Date="2019-03-19 21:28:53" Severity="Error" Source="duplicateFile.Classes.Analyser.AnalyseFolder" ThreadId="9">
  <Message>Error :Une exception de type 'System.OutOfMemoryException' a été levée.</Message>
</LogEntry>
<LogEntry Date="2019-03-19 21:28:59" Severity="Error" Source="duplicateFile.Classes.Analyser.AnalyseFolder" ThreadId="9">
  <Message>Error :Une exception de type 'System.OutOfMemoryException' a été levée.</Message>
</LogEntry>
<LogEntry Date="2019-03-19 21:29:07" Severity="Error" Source="duplicateFile.Classes.Analyser.AnalyseFolder" ThreadId="9">
  <Message>Error :Une exception de type 'System.OutOfMemoryException' a été levée.</Message>
</LogEntry>
<LogEntry Date="2019-03-19 21:29:14" Severity="Error" Source="duplicateFile.Classes.Analyser.AnalyseFolder" ThreadId="9">
  <Message>Error :Une exception de type 'System.OutOfMemoryException' a été levée.</Message>
</LogEntry>
<LogEntry Date="2019-03-19 21:29:20" Severity="Error" Source="duplicateFile.Classes.Analyser.AnalyseFolder" ThreadId="9">
  <Message>Error :Une exception de type 'System.OutOfMemoryException' a été levée.</Message>
</LogEntry>
<LogEntry Date="2019-03-19 21:29:28" Severity="Error" Source="duplicateFile.Classes.Analyser.AnalyseFolder" ThreadId="9">
  <Message>Error :Une exception de type 'System.OutOfMemoryException' a été levée.</Message>
</LogEntry>
<LogEntry Date="2019-03-19 21:29:34" Severity="Error" Source="duplicateFile.Classes.Analyser.AnalyseFolder" ThreadId="9">
  <Message>Error :Une exception de type 'System.OutOfMemoryException' a été levée.</Message>
</LogEntry>
<LogEntry Date="2019-03-19 21:29:41" Severity="Error" Source="duplicateFile.Classes.Analyser.AnalyseFolder" ThreadId="9">
  <Message>Error :Une exception de type 'System.OutOfMemoryException' a été levée.</Message>
</LogEntry>
<LogEntry Date="2019-03-19 21:29:48" Severity="Error" Source="duplicateFile.Classes.Analyser.AnalyseFolder" ThreadId="9">
  <Message>Error :Une exception de type 'System.OutOfMemoryException' a été levée.</Message>
</LogEntry>
<LogEntry Date="2019-03-19 21:29:55" Severity="Error" Source="duplicateFile.Classes.Analyser.AnalyseFolder" ThreadId="9">
  <Message>Error :Une exception de type 'System.OutOfMemoryException' a été levée.</Message>
</LogEntry>
<LogEntry Date="2019-03-19 21:30:04" Severity="Error" Source="duplicateFile.Classes.Analyser.AnalyseFolder" ThreadId="9">
  <Message>Error :Une exception de type 'System.OutOfMemoryException' a été levée.</Message>
</LogEntry>
<LogEntry Date="2019-03-19 21:30:11" Severity="Error" Source="duplicateFile.Classes.Analyser.AnalyseFolder" ThreadId="9">
  <Message>Error :Une exception de type 'System.OutOfMemoryException' a été levée.</Message>
</LogEntry>
<LogEntry Date="2019-03-19 21:30:17" Severity="Error" Source="duplicateFile.Classes.Analyser.AnalyseFolder" ThreadId="9">
  <Message>Error :Une exception de type 'System.OutOfMemoryException' a été levée.</Message>
</LogEntry>
<LogEntry Date="2019-03-19 21:33:01" Severity="Error" Source="duplicateFile.Classes.Analyser.AnalyseFolder" ThreadId="9">
  <Message>Error :Une exception de type 'System.OutOfMemoryException' a été levée.</Message>
</LogEntry>
<LogEntry Date="2019-03-19 21:33:16" Severity="Error" Source="duplicateFile.Classes.Analyser.AnalyseFolder" ThreadId="9">
  <Message>Error :Une exception de type 'System.OutOfMemoryException' a été levée.</Message>
</LogEntry>
<LogEntry Date="2019-03-19 21:33:24" Severity="Error" Source="duplicateFile.Classes.Analyser.AnalyseFolder" ThreadId="9">
  <Message>Error :Une exception de type 'System.OutOfMemoryException' a été levée.</Message>
</LogEntry>
<LogEntry Date="2019-03-19 21:33:47" Severity="Error" Source="duplicateFile.Classes.Analyser.AnalyseFolder" ThreadId="9">
  <Message>Error :Une exception de type 'System.OutOfMemoryException' a été levée.</Message>
</LogEntry>
<LogEntry Date="2019-03-19 22:11:24" Severity="Error" Source="duplicateFile.Classes.Analyser.AnalyseFolder" ThreadId="9">
  <Message>Error :Une exception de type 'System.OutOfMemoryException' a été levée.</Message>
</LogEntry>
<LogEntry Date="2019-03-19 22:11:31" Severity="Error" Source="duplicateFile.Classes.Analyser.AnalyseFolder" ThreadId="9">
  <Message>Error :Une exception de type 'System.OutOfMemoryException' a été levée.</Message>
</LogEntry>
<LogEntry Date="2019-03-19 22:12:03" Severity="Error" Source="duplicateFile.Classes.Analyser.AnalyseFolder" ThreadId="9">
  <Message>Error :Une exception de type 'System.OutOfMemoryException' a été levée.</Message>
</LogEntry>
<LogEntry Date="2019-03-19 22:12:14" Severity="Error" Source="duplicateFile.Classes.Analyser.AnalyseFolder" ThreadId="9">
  <Message>Error :Une exception de type 'System.OutOfMemoryException' a été levée.</Message>
</LogEntry>
<LogEntry Date="2019-03-19 22:19:11" Severity="Error" Source="duplicateFile.Classes.Analyser.AnalyseFolder" ThreadId="9">
  <Message>Error :Cannot read that as a ZipFile</Message>
</LogEntry>
<LogEntry Date="2019-03-19 22:25:30" Severity="Error" Source="duplicateFile.Classes.Analyser.AnalyseFolder" ThreadId="9">
  <Message>Error :Une exception de type 'System.OutOfMemoryException' a été levée.</Message>
</LogEntry>
<LogEntry Date="2019-03-19 22:27:09" Severity="Error" Source="duplicateFile.Classes.Analyser.AnalyseFolder" ThreadId="9">
  <Message>Error :Cannot read that as a ZipFile</Message>
</LogEntry>
<LogEntry Date="2019-03-19 22:27:38" Severity="Error" Source="duplicateFile.Classes.Analyser.AnalyseFolder" ThreadId="9">
  <Message>Error :Cannot read that as a ZipFile</Message>
</LogEntry>
<LogEntry Date="2019-03-19 22:33:29" Severity="Error" Source="duplicateFile.Classes.Analyser.AnalyseFolder" ThreadId="9">
  <Message>Error :Une exception de type 'System.OutOfMemoryException' a été levée.</Message>
</LogEntry>
<LogEntry Date="2019-03-19 22:49:02" Severity="Error" Source="duplicateFile.Classes.Analyser.AnalyseFolder" ThreadId="9">
  <Message>Error :Une exception de type 'System.OutOfMemoryException' a été levée.</Message>
</LogEntry>
<LogEntry Date="2019-03-19 22:49:08" Severity="Error" Source="duplicateFile.Classes.Analyser.AnalyseFolder" ThreadId="9">
  <Message>Error :Une exception de type 'System.OutOfMemoryException' a été levée.</Message>
</LogEntry>
<LogEntry Date="2019-03-19 22:49:14" Severity="Error" Source="duplicateFile.Classes.Analyser.AnalyseFolder" ThreadId="9">
  <Message>Error :Une exception de type 'System.OutOfMemoryException' a été levée.</Message>
</LogEntry>
<LogEntry Date="2019-03-19 22:49:21" Severity="Error" Source="duplicateFile.Classes.Analyser.AnalyseFolder" ThreadId="9">
  <Message>Error :Une exception de type 'System.OutOfMemoryException' a été levée.</Message>
</LogEntry>
<LogEntry Date="2019-03-19 22:50:04" Severity="Error" Source="duplicateFile.Classes.Analyser.AnalyseFolder" ThreadId="9">
  <Message>Error :Une exception de type 'System.OutOfMemoryException' a été levée.</Message>
</LogEntry>
<LogEntry Date="2019-03-19 23:00:40" Severity="Error" Source="duplicateFile.Classes.Analyser.AnalyseFolder" ThreadId="9">
  <Message>Error :Cannot read that as a ZipFile</Message>
</LogEntry>
<LogEntry Date="2019-03-19 23:03:47" Severity="Error" Source="duplicateFile.Classes.Analyser.AnalyseFolder" ThreadId="9">
  <Message>Error :L'index 69394 est négatif ou supérieur au nombre de lignes.</Message>
</LogEntry>
<LogEntry Date="2019-03-19 23:38:18" Severity="Error" Source="duplicateFile.Classes.Analyser.AnalyseFolder" ThreadId="9">
  <Message>Error :Une exception de type 'System.OutOfMemoryException' a été levée.</Message>
</LogEntry>
</LogEntries>
