<?xml version="1.0" encoding="utf-8"?>
<LogEntries>
<LogEntry Date="2019-03-14 19:57:32" Severity="Info" Source="duplicateFile.Program.Main" ThreadId="9">
  <Message>Log set.</Message>
</LogEntry>
<LogEntry Date="2019-03-14 19:57:32" Severity="Info" Source="duplicateFile.MainForm..ctor" ThreadId="9">
  <Message>Config loaded</Message>
</LogEntry>
<LogEntry Date="2019-03-14 19:59:15" Severity="Info" Source="duplicateFile.Program.Main" ThreadId="10">
  <Message>Log set.</Message>
</LogEntry>
<LogEntry Date="2019-03-14 19:59:16" Severity="Info" Source="duplicateFile.MainForm..ctor" ThreadId="10">
  <Message>Config loaded</Message>
</LogEntry>
<LogEntry Date="2019-03-14 20:00:33" Severity="Info" Source="duplicateFile.Program.Main" ThreadId="10">
  <Message>Log set.</Message>
</LogEntry>
<LogEntry Date="2019-03-14 20:00:33" Severity="Info" Source="duplicateFile.MainForm..ctor" ThreadId="10">
  <Message>Config loaded</Message>
</LogEntry>
<LogEntry Date="2019-03-14 20:04:53" Severity="Info" Source="duplicateFile.Program.Main" ThreadId="8">
  <Message>Log set.</Message>
</LogEntry>
<LogEntry Date="2019-03-14 20:04:53" Severity="Info" Source="duplicateFile.MainForm..ctor" ThreadId="8">
  <Message>Config loaded</Message>
</LogEntry>
<LogEntry Date="2019-03-14 20:08:38" Severity="Info" Source="duplicateFile.Program.Main" ThreadId="10">
  <Message>Log set.</Message>
</LogEntry>
<LogEntry Date="2019-03-14 20:08:39" Severity="Info" Source="duplicateFile.MainForm..ctor" ThreadId="10">
  <Message>Config loaded</Message>
</LogEntry>
<LogEntry Date="2019-03-14 20:09:37" Severity="Info" Source="duplicateFile.Program.Main" ThreadId="8">
  <Message>Log set.</Message>
</LogEntry>
<LogEntry Date="2019-03-14 20:13:14" Severity="Info" Source="duplicateFile.Program.Main" ThreadId="9">
  <Message>Log set.</Message>
</LogEntry>
<LogEntry Date="2019-03-14 20:13:14" Severity="Info" Source="duplicateFile.MainForm..ctor" ThreadId="9">
  <Message>Config loaded</Message>
</LogEntry>
<LogEntry Date="2019-03-14 20:14:58" Severity="Info" Source="duplicateFile.Program.Main" ThreadId="8">
  <Message>Log set.</Message>
</LogEntry>
<LogEntry Date="2019-03-14 20:14:59" Severity="Info" Source="duplicateFile.MainForm..ctor" ThreadId="8">
  <Message>Config loaded</Message>
</LogEntry>
<LogEntry Date="2019-03-14 20:15:31" Severity="Info" Source="duplicateFile.Program.Main" ThreadId="9">
  <Message>Log set.</Message>
</LogEntry>
<LogEntry Date="2019-03-14 20:15:32" Severity="Info" Source="duplicateFile.MainForm..ctor" ThreadId="9">
  <Message>Config loaded</Message>
</LogEntry>
<LogEntry Date="2019-03-14 20:17:41" Severity="Info" Source="duplicateFile.Program.Main" ThreadId="9">
  <Message>Log set.</Message>
</LogEntry>
<LogEntry Date="2019-03-14 20:17:41" Severity="Info" Source="duplicateFile.MainForm..ctor" ThreadId="9">
  <Message>Config loaded</Message>
</LogEntry>
</LogEntries>
