<?xml version="1.0" encoding="utf-8"?>
<LogEntries>
<LogEntry Date="2016-02-04 08:46:42" Severity="Info" Source="duplicateFile.Program.Main" ThreadId="9">
  <Message>Log set.</Message>
</LogEntry>
<LogEntry Date="2016-02-04 08:46:42" Severity="Info" Source="duplicateFile.MainForm..ctor" ThreadId="9">
  <Message>Config loaded</Message>
</LogEntry>
<LogEntry Date="2016-02-04 08:46:45" Severity="Exception" Source="duplicateFile.Classes.Analyser.setStats" ThreadId="9">
  <Exception Type="System.NullReferenceException" Source="duplicateFile.Classes.Analyser.setStats">
    <Message>La référence d'objet n'est pas définie à une instance d'un objet.</Message>
    <StackTrace>   à duplicateFile.Classes.Analyser.setStats() dans D:\dev\SharpDevelop Projects\duplicateFile\V5\duplicateFile\Classes\Tools\Analyser.cs:ligne 444</StackTrace>
  </Exception>
</LogEntry>
<LogEntry Date="2016-02-04 08:47:02" Severity="Info2" Source="duplicateFile.MainForm.startAnalyse" ThreadId="9">
  <Message>Analyse started</Message>
</LogEntry>
<LogEntry Date="2016-02-04 08:47:02" Severity="Info2" Source="duplicateFile.Classes.Analyser.AnalyseFolder" ThreadId="12">
  <Message>Starting folder analysis</Message>
</LogEntry>
<LogEntry Date="2016-02-04 09:49:19" Severity="Info2" Source="duplicateFile.Classes.Analyser.AnalyseFileSet" ThreadId="12">
  <Message>Analyse file set</Message>
</LogEntry>
<LogEntry Date="2016-02-04 21:42:35" Severity="Info2" Source="duplicateFile.Classes.Analyser.AnalyseFileSet" ThreadId="12">
  <Message>End of Fileset analysis</Message>
</LogEntry>
<LogEntry Date="2016-02-04 21:42:54" Severity="Info2" Source="duplicateFile.MainForm.Finalize" ThreadId="9">
  <Message>Analyse ended</Message>
</LogEntry>
<LogEntry Date="2016-02-04 21:44:09" Severity="Info2" Source="duplicateFile.Classes.SMTPHelper.sendReport" ThreadId="9">
  <Message>Preparing duplicate file report</Message>
</LogEntry>
<LogEntry Date="2016-02-04 21:44:15" Severity="Error" Source="duplicateFile.Classes.SMTPHelper.sendIfNeeded" ThreadId="9">
  <Message>Error sending email : Allocation de stockage dépassée. La réponse du serveur était : 5.3.4 Message size exceeds fixed maximum message size</Message>
</LogEntry>
<LogEntry Date="2016-02-04 21:44:15" Severity="Info2" Source="duplicateFile.Classes.SMTPHelper.sendReport" ThreadId="9">
  <Message>Preparing stats</Message>
</LogEntry>
<LogEntry Date="2016-02-04 21:44:19" Severity="Info2" Source="duplicateFile.Classes.SMTPHelper.sendReport" ThreadId="9">
  <Message>Preparing error report</Message>
</LogEntry>
<LogEntry Date="2016-02-04 21:44:19" Severity="Info2" Source="duplicateFile.Classes.SMTPHelper.sendReport" ThreadId="9">
  <Message>Report sended</Message>
</LogEntry>
</LogEntries>
