<?xml version="1.0" encoding="utf-8"?>
<LogEntries>
<LogEntry Date="2017-04-20 16:21:24" Severity="Info" Source="duplicateFile.Program.Main" ThreadId="7">
  <Message>Log set.</Message>
</LogEntry>
<LogEntry Date="2017-04-20 16:21:25" Severity="Info" Source="duplicateFile.MainForm..ctor" ThreadId="7">
  <Message>Config loaded</Message>
</LogEntry>
<LogEntry Date="2017-04-20 16:22:04" Severity="Info" Source="duplicateFile.Program.Main" ThreadId="9">
  <Message>Log set.</Message>
</LogEntry>
<LogEntry Date="2017-04-20 16:22:05" Severity="Info" Source="duplicateFile.MainForm..ctor" ThreadId="9">
  <Message>Config loaded</Message>
</LogEntry>
<LogEntry Date="2017-04-20 16:28:49" Severity="Info" Source="duplicateFile.Program.Main" ThreadId="10">
  <Message>Log set.</Message>
</LogEntry>
<LogEntry Date="2017-04-20 16:28:49" Severity="Info" Source="duplicateFile.MainForm..ctor" ThreadId="10">
  <Message>Config loaded</Message>
</LogEntry>
<LogEntry Date="2017-04-20 16:34:41" Severity="Info" Source="duplicateFile.Program.Main" ThreadId="9">
  <Message>Log set.</Message>
</LogEntry>
<LogEntry Date="2017-04-20 16:34:42" Severity="Info" Source="duplicateFile.MainForm..ctor" ThreadId="9">
  <Message>Config loaded</Message>
</LogEntry>
<LogEntry Date="2017-04-20 16:38:30" Severity="Info" Source="duplicateFile.Program.Main" ThreadId="9">
  <Message>Log set.</Message>
</LogEntry>
<LogEntry Date="2017-04-20 16:38:31" Severity="Info" Source="duplicateFile.MainForm..ctor" ThreadId="9">
  <Message>Config loaded</Message>
</LogEntry>
<LogEntry Date="2017-04-20 16:40:24" Severity="Info" Source="duplicateFile.Program.Main" ThreadId="9">
  <Message>Log set.</Message>
</LogEntry>
<LogEntry Date="2017-04-20 16:40:24" Severity="Info" Source="duplicateFile.MainForm..ctor" ThreadId="9">
  <Message>Config loaded</Message>
</LogEntry>
<LogEntry Date="2017-04-20 16:41:25" Severity="Info" Source="duplicateFile.Program.Main" ThreadId="9">
  <Message>Log set.</Message>
</LogEntry>
<LogEntry Date="2017-04-20 16:41:25" Severity="Info" Source="duplicateFile.MainForm..ctor" ThreadId="9">
  <Message>Config loaded</Message>
</LogEntry>
<LogEntry Date="2017-04-20 17:27:08" Severity="Info" Source="duplicateFile.Program.Main" ThreadId="9">
  <Message>Log set.</Message>
</LogEntry>
<LogEntry Date="2017-04-20 17:27:09" Severity="Info" Source="duplicateFile.MainForm..ctor" ThreadId="9">
  <Message>Config loaded</Message>
</LogEntry>
<LogEntry Date="2017-04-20 17:28:21" Severity="Info" Source="duplicateFile.Program.Main" ThreadId="9">
  <Message>Log set.</Message>
</LogEntry>
<LogEntry Date="2017-04-20 17:28:21" Severity="Info" Source="duplicateFile.MainForm..ctor" ThreadId="9">
  <Message>Config loaded</Message>
</LogEntry>
<LogEntry Date="2017-04-20 17:31:00" Severity="Info" Source="duplicateFile.Program.Main" ThreadId="9">
  <Message>Log set.</Message>
</LogEntry>
<LogEntry Date="2017-04-20 17:31:01" Severity="Info" Source="duplicateFile.MainForm..ctor" ThreadId="9">
  <Message>Config loaded</Message>
</LogEntry>
<LogEntry Date="2017-04-20 17:34:14" Severity="Info" Source="duplicateFile.Program.Main" ThreadId="9">
  <Message>Log set.</Message>
</LogEntry>
<LogEntry Date="2017-04-20 17:34:15" Severity="Info" Source="duplicateFile.MainForm..ctor" ThreadId="9">
  <Message>Config loaded</Message>
</LogEntry>
<LogEntry Date="2017-04-20 17:36:31" Severity="Info" Source="duplicateFile.Program.Main" ThreadId="9">
  <Message>Log set.</Message>
</LogEntry>
<LogEntry Date="2017-04-20 17:36:32" Severity="Info" Source="duplicateFile.MainForm..ctor" ThreadId="9">
  <Message>Config loaded</Message>
</LogEntry>
<LogEntry Date="2017-04-20 17:37:41" Severity="Info" Source="duplicateFile.Program.Main" ThreadId="9">
  <Message>Log set.</Message>
</LogEntry>
<LogEntry Date="2017-04-20 17:37:41" Severity="Info" Source="duplicateFile.MainForm..ctor" ThreadId="9">
  <Message>Config loaded</Message>
</LogEntry>
<LogEntry Date="2017-04-20 17:38:43" Severity="Info" Source="duplicateFile.Program.Main" ThreadId="9">
  <Message>Log set.</Message>
</LogEntry>
<LogEntry Date="2017-04-20 17:38:44" Severity="Info" Source="duplicateFile.MainForm..ctor" ThreadId="9">
  <Message>Config loaded</Message>
</LogEntry>
<LogEntry Date="2017-04-20 17:42:00" Severity="Info" Source="duplicateFile.Program.Main" ThreadId="9">
  <Message>Log set.</Message>
</LogEntry>
<LogEntry Date="2017-04-20 17:42:06" Severity="Info" Source="duplicateFile.Program.Main" ThreadId="10">
  <Message>Log set.</Message>
</LogEntry>
<LogEntry Date="2017-04-20 17:43:16" Severity="Info" Source="duplicateFile.Program.Main" ThreadId="8">
  <Message>Log set.</Message>
</LogEntry>
<LogEntry Date="2017-04-20 17:43:55" Severity="Info" Source="duplicateFile.Program.Main" ThreadId="9">
  <Message>Log set.</Message>
</LogEntry>
<LogEntry Date="2017-04-20 17:43:55" Severity="Info" Source="duplicateFile.MainForm..ctor" ThreadId="9">
  <Message>Config loaded</Message>
</LogEntry>
<LogEntry Date="2017-04-20 17:44:30" Severity="Info" Source="duplicateFile.Program.Main" ThreadId="9">
  <Message>Log set.</Message>
</LogEntry>
<LogEntry Date="2017-04-20 17:44:31" Severity="Info" Source="duplicateFile.MainForm..ctor" ThreadId="9">
  <Message>Config loaded</Message>
</LogEntry>
<LogEntry Date="2017-04-20 17:50:04" Severity="Info" Source="duplicateFile.Program.Main" ThreadId="9">
  <Message>Log set.</Message>
</LogEntry>
<LogEntry Date="2017-04-20 17:50:05" Severity="Info" Source="duplicateFile.MainForm..ctor" ThreadId="9">
  <Message>Config loaded</Message>
</LogEntry>
<LogEntry Date="2017-04-20 17:53:39" Severity="Info" Source="duplicateFile.Program.Main" ThreadId="9">
  <Message>Log set.</Message>
</LogEntry>
<LogEntry Date="2017-04-20 17:53:40" Severity="Info" Source="duplicateFile.MainForm..ctor" ThreadId="9">
  <Message>Config loaded</Message>
</LogEntry>
<LogEntry Date="2017-04-20 17:56:09" Severity="Info" Source="duplicateFile.Program.Main" ThreadId="8">
  <Message>Log set.</Message>
</LogEntry>
<LogEntry Date="2017-04-20 17:56:09" Severity="Info" Source="duplicateFile.MainForm..ctor" ThreadId="8">
  <Message>Config loaded</Message>
</LogEntry>
<LogEntry Date="2017-04-20 17:56:55" Severity="Info" Source="duplicateFile.Program.Main" ThreadId="9">
  <Message>Log set.</Message>
</LogEntry>
<LogEntry Date="2017-04-20 17:56:56" Severity="Info" Source="duplicateFile.MainForm..ctor" ThreadId="9">
  <Message>Config loaded</Message>
</LogEntry>
<LogEntry Date="2017-04-20 18:01:25" Severity="Info" Source="duplicateFile.Program.Main" ThreadId="9">
  <Message>Log set.</Message>
</LogEntry>
<LogEntry Date="2017-04-20 18:01:25" Severity="Info" Source="duplicateFile.MainForm..ctor" ThreadId="9">
  <Message>Config loaded</Message>
</LogEntry>
<LogEntry Date="2017-04-20 18:03:18" Severity="Info" Source="duplicateFile.Program.Main" ThreadId="9">
  <Message>Log set.</Message>
</LogEntry>
<LogEntry Date="2017-04-20 18:03:18" Severity="Info" Source="duplicateFile.MainForm..ctor" ThreadId="9">
  <Message>Config loaded</Message>
</LogEntry>
</LogEntries>
