<?xml version="1.0" encoding="utf-8"?>
<LogEntries>
<LogEntry Date="2016-07-01 15:35:03" Severity="Info" Source="duplicateFile.Program.Main" ThreadId="8">
  <Message>Log set.</Message>
</LogEntry>
<LogEntry Date="2016-07-01 15:35:04" Severity="Info" Source="duplicateFile.MainForm..ctor" ThreadId="8">
  <Message>Config loaded</Message>
</LogEntry>
<LogEntry Date="2016-07-01 15:36:05" Severity="Info2" Source="duplicateFile.MainForm.startAnalyse" ThreadId="8">
  <Message>Analyse started</Message>
</LogEntry>
<LogEntry Date="2016-07-01 15:36:05" Severity="Info2" Source="duplicateFile.Classes.Analyser.AnalyseFolder" ThreadId="11">
  <Message>Starting folder analysis</Message>
</LogEntry>
<LogEntry Date="2016-07-01 15:36:05" Severity="Info2" Source="duplicateFile.Classes.Analyser.AnalyseFileSet" ThreadId="11">
  <Message>Analyse file set</Message>
</LogEntry>
<LogEntry Date="2016-07-01 15:36:05" Severity="Info2" Source="duplicateFile.Classes.Analyser.AnalyseFileSet" ThreadId="11">
  <Message>End of Fileset analysis</Message>
</LogEntry>
<LogEntry Date="2016-07-01 15:36:07" Severity="Info2" Source="duplicateFile.Classes.SMTPHelper.sendReport" ThreadId="8">
  <Message>Preparing duplicate file report</Message>
</LogEntry>
<LogEntry Date="2016-07-01 15:36:07" Severity="Info2" Source="duplicateFile.Classes.SMTPHelper.sendReport" ThreadId="8">
  <Message>Preparing error report</Message>
</LogEntry>
<LogEntry Date="2016-07-01 15:36:07" Severity="Info2" Source="duplicateFile.Classes.SMTPHelper.sendReport" ThreadId="8">
  <Message>Report sended</Message>
</LogEntry>
</LogEntries>
