<?xml version="1.0" encoding="utf-8"?>
<LogEntries>
<LogEntry Date="2016-07-19 09:05:42" Severity="Info" Source="duplicateFile.Program.Main" ThreadId="9">
  <Message>Log set.</Message>
</LogEntry>
<LogEntry Date="2016-07-19 09:05:42" Severity="Info" Source="duplicateFile.MainForm..ctor" ThreadId="9">
  <Message>Config loaded</Message>
</LogEntry>
<LogEntry Date="2016-07-19 09:07:41" Severity="Info" Source="duplicateFile.Program.Main" ThreadId="10">
  <Message>Log set.</Message>
</LogEntry>
<LogEntry Date="2016-07-19 09:07:41" Severity="Info" Source="duplicateFile.MainForm..ctor" ThreadId="10">
  <Message>Config loaded</Message>
</LogEntry>
<LogEntry Date="2016-07-19 09:08:11" Severity="Info2" Source="duplicateFile.MainForm.startAnalyse" ThreadId="10">
  <Message>Analyse started</Message>
</LogEntry>
<LogEntry Date="2016-07-19 09:08:11" Severity="Info2" Source="duplicateFile.Classes.Analyser.AnalyseFolder" ThreadId="3">
  <Message>Starting folder analysis</Message>
</LogEntry>
<LogEntry Date="2016-07-19 09:08:11" Severity="Info2" Source="duplicateFile.Classes.Analyser.AnalyseFileSet" ThreadId="3">
  <Message>Analyse file set</Message>
</LogEntry>
<LogEntry Date="2016-07-19 09:08:11" Severity="Info2" Source="duplicateFile.Classes.Analyser.AnalyseFileSet" ThreadId="3">
  <Message>End of Fileset analysis</Message>
</LogEntry>
<LogEntry Date="2016-07-19 09:08:13" Severity="Info2" Source="duplicateFile.Classes.SMTPHelper.sendReport" ThreadId="10">
  <Message>Preparing duplicate file report</Message>
</LogEntry>
<LogEntry Date="2016-07-19 09:08:13" Severity="Info2" Source="duplicateFile.Classes.SMTPHelper.sendReport" ThreadId="10">
  <Message>Preparing error report</Message>
</LogEntry>
<LogEntry Date="2016-07-19 09:08:13" Severity="Info2" Source="duplicateFile.Classes.SMTPHelper.sendReport" ThreadId="10">
  <Message>Report sended</Message>
</LogEntry>
<LogEntry Date="2016-07-19 09:20:31" Severity="Info2" Source="duplicateFile.MainForm.startAnalyse" ThreadId="10">
  <Message>Analyse started</Message>
</LogEntry>
<LogEntry Date="2016-07-19 09:20:31" Severity="Info2" Source="duplicateFile.Classes.Analyser.AnalyseFolder" ThreadId="8">
  <Message>Starting folder analysis</Message>
</LogEntry>
<LogEntry Date="2016-07-19 09:20:31" Severity="Info2" Source="duplicateFile.Classes.Analyser.AnalyseFileSet" ThreadId="8">
  <Message>Analyse file set</Message>
</LogEntry>
<LogEntry Date="2016-07-19 09:20:31" Severity="Info2" Source="duplicateFile.Classes.Analyser.AnalyseFileSet" ThreadId="8">
  <Message>End of Fileset analysis</Message>
</LogEntry>
<LogEntry Date="2016-07-19 09:20:39" Severity="Info2" Source="duplicateFile.Classes.SMTPHelper.sendReport" ThreadId="10">
  <Message>Preparing duplicate file report</Message>
</LogEntry>
<LogEntry Date="2016-07-19 09:20:39" Severity="Info2" Source="duplicateFile.Classes.SMTPHelper.sendReport" ThreadId="10">
  <Message>Preparing error report</Message>
</LogEntry>
<LogEntry Date="2016-07-19 09:20:39" Severity="Info2" Source="duplicateFile.Classes.SMTPHelper.sendReport" ThreadId="10">
  <Message>Report sended</Message>
</LogEntry>
<LogEntry Date="2016-07-19 09:20:58" Severity="Info2" Source="duplicateFile.MainForm.startAnalyse" ThreadId="10">
  <Message>Analyse started</Message>
</LogEntry>
<LogEntry Date="2016-07-19 09:20:58" Severity="Info2" Source="duplicateFile.Classes.Analyser.AnalyseFolder" ThreadId="8">
  <Message>Starting folder analysis</Message>
</LogEntry>
<LogEntry Date="2016-07-19 09:20:58" Severity="Info2" Source="duplicateFile.Classes.Analyser.AnalyseFileSet" ThreadId="8">
  <Message>Analyse file set</Message>
</LogEntry>
<LogEntry Date="2016-07-19 09:20:58" Severity="Info2" Source="duplicateFile.Classes.Analyser.AnalyseFileSet" ThreadId="8">
  <Message>End of Fileset analysis</Message>
</LogEntry>
<LogEntry Date="2016-07-19 09:22:24" Severity="Info2" Source="duplicateFile.Classes.SMTPHelper.sendReport" ThreadId="10">
  <Message>Preparing duplicate file report</Message>
</LogEntry>
<LogEntry Date="2016-07-19 09:22:24" Severity="Info2" Source="duplicateFile.Classes.SMTPHelper.sendReport" ThreadId="10">
  <Message>Preparing error report</Message>
</LogEntry>
<LogEntry Date="2016-07-19 09:22:24" Severity="Info2" Source="duplicateFile.Classes.SMTPHelper.sendReport" ThreadId="10">
  <Message>Report sended</Message>
</LogEntry>
<LogEntry Date="2016-07-19 09:22:34" Severity="Info2" Source="duplicateFile.MainForm.startAnalyse" ThreadId="10">
  <Message>Analyse started</Message>
</LogEntry>
<LogEntry Date="2016-07-19 09:22:34" Severity="Info2" Source="duplicateFile.Classes.Analyser.AnalyseFolder" ThreadId="8">
  <Message>Starting folder analysis</Message>
</LogEntry>
<LogEntry Date="2016-07-19 09:22:34" Severity="Info2" Source="duplicateFile.Classes.Analyser.AnalyseFileSet" ThreadId="8">
  <Message>Analyse file set</Message>
</LogEntry>
<LogEntry Date="2016-07-19 09:22:34" Severity="Info2" Source="duplicateFile.Classes.Analyser.AnalyseFileSet" ThreadId="8">
  <Message>End of Fileset analysis</Message>
</LogEntry>
<LogEntry Date="2016-07-19 09:22:48" Severity="Info2" Source="duplicateFile.Classes.SMTPHelper.sendReport" ThreadId="10">
  <Message>Preparing duplicate file report</Message>
</LogEntry>
<LogEntry Date="2016-07-19 09:22:48" Severity="Info2" Source="duplicateFile.Classes.SMTPHelper.sendReport" ThreadId="10">
  <Message>Preparing error report</Message>
</LogEntry>
<LogEntry Date="2016-07-19 09:22:48" Severity="Info2" Source="duplicateFile.Classes.SMTPHelper.sendReport" ThreadId="10">
  <Message>Report sended</Message>
</LogEntry>
<LogEntry Date="2016-07-19 09:23:47" Severity="Info2" Source="duplicateFile.MainForm.startAnalyse" ThreadId="10">
  <Message>Analyse started</Message>
</LogEntry>
<LogEntry Date="2016-07-19 09:23:47" Severity="Info2" Source="duplicateFile.Classes.Analyser.AnalyseFolder" ThreadId="13">
  <Message>Starting folder analysis</Message>
</LogEntry>
<LogEntry Date="2016-07-19 09:25:56" Severity="Info" Source="duplicateFile.Program.Main" ThreadId="9">
  <Message>Log set.</Message>
</LogEntry>
<LogEntry Date="2016-07-19 09:25:56" Severity="Info" Source="duplicateFile.MainForm..ctor" ThreadId="9">
  <Message>Config loaded</Message>
</LogEntry>
<LogEntry Date="2016-07-19 09:26:05" Severity="Info2" Source="duplicateFile.MainForm.startAnalyse" ThreadId="9">
  <Message>Analyse started</Message>
</LogEntry>
<LogEntry Date="2016-07-19 09:26:05" Severity="Info2" Source="duplicateFile.Classes.Analyser.AnalyseFolder" ThreadId="12">
  <Message>Starting folder analysis</Message>
</LogEntry>
<LogEntry Date="2016-07-19 09:26:05" Severity="Info2" Source="duplicateFile.Classes.Analyser.AnalyseFileSet" ThreadId="12">
  <Message>Analyse file set</Message>
</LogEntry>
<LogEntry Date="2016-07-19 09:26:05" Severity="Info2" Source="duplicateFile.Classes.Analyser.AnalyseFileSet" ThreadId="12">
  <Message>End of Fileset analysis</Message>
</LogEntry>
<LogEntry Date="2016-07-19 09:26:10" Severity="Info2" Source="duplicateFile.Classes.SMTPHelper.sendReport" ThreadId="9">
  <Message>Preparing duplicate file report</Message>
</LogEntry>
<LogEntry Date="2016-07-19 09:26:11" Severity="Info2" Source="duplicateFile.Classes.SMTPHelper.sendReport" ThreadId="9">
  <Message>Preparing error report</Message>
</LogEntry>
<LogEntry Date="2016-07-19 09:26:11" Severity="Info2" Source="duplicateFile.Classes.SMTPHelper.sendReport" ThreadId="9">
  <Message>Report sended</Message>
</LogEntry>
<LogEntry Date="2016-07-19 09:27:42" Severity="Info" Source="duplicateFile.Program.Main" ThreadId="9">
  <Message>Log set.</Message>
</LogEntry>
<LogEntry Date="2016-07-19 09:27:42" Severity="Info" Source="duplicateFile.MainForm..ctor" ThreadId="9">
  <Message>Config loaded</Message>
</LogEntry>
<LogEntry Date="2016-07-19 09:27:52" Severity="Info2" Source="duplicateFile.MainForm.startAnalyse" ThreadId="9">
  <Message>Analyse started</Message>
</LogEntry>
<LogEntry Date="2016-07-19 09:27:52" Severity="Info2" Source="duplicateFile.Classes.Analyser.AnalyseFolder" ThreadId="12">
  <Message>Starting folder analysis</Message>
</LogEntry>
<LogEntry Date="2016-07-19 09:27:52" Severity="Info2" Source="duplicateFile.Classes.Analyser.AnalyseFileSet" ThreadId="12">
  <Message>Analyse file set</Message>
</LogEntry>
<LogEntry Date="2016-07-19 09:27:52" Severity="Info2" Source="duplicateFile.Classes.Analyser.AnalyseFileSet" ThreadId="12">
  <Message>End of Fileset analysis</Message>
</LogEntry>
<LogEntry Date="2016-07-19 09:27:52" Severity="Info2" Source="duplicateFile.Classes.SMTPHelper.sendReport" ThreadId="9">
  <Message>Preparing duplicate file report</Message>
</LogEntry>
<LogEntry Date="2016-07-19 09:27:52" Severity="Info2" Source="duplicateFile.Classes.SMTPHelper.sendReport" ThreadId="9">
  <Message>Preparing error report</Message>
</LogEntry>
<LogEntry Date="2016-07-19 09:27:52" Severity="Info2" Source="duplicateFile.Classes.SMTPHelper.sendReport" ThreadId="9">
  <Message>Report sended</Message>
</LogEntry>
</LogEntries>
