<?xml version="1.0" encoding="utf-8"?>
<LogEntries>
<LogEntry Date="2019-03-18 13:41:52" Severity="Info" Source="duplicateFile.Program.Main" ThreadId="7">
  <Message>Log set.</Message>
</LogEntry>
<LogEntry Date="2019-03-18 13:41:52" Severity="Info" Source="duplicateFile.MainForm..ctor" ThreadId="7">
  <Message>Config loaded</Message>
</LogEntry>
<LogEntry Date="2019-03-18 13:42:08" Severity="Info2" Source="duplicateFile.MainForm.startAnalyse" ThreadId="7">
  <Message>Analyse started</Message>
</LogEntry>
<LogEntry Date="2019-03-18 13:42:08" Severity="Info2" Source="duplicateFile.Classes.Analyser.AnalyseFolder" ThreadId="8">
  <Message>Starting folder analysis</Message>
</LogEntry>
<LogEntry Date="2019-03-18 13:44:10" Severity="Error" Source="duplicateFile.Classes.Analyser.AnalyseFolder" ThreadId="8">
  <Message>Error :Cannot read that as a ZipFile</Message>
</LogEntry>
<LogEntry Date="2019-03-18 13:45:15" Severity="Error" Source="duplicateFile.Classes.Analyser.AnalyseFolder" ThreadId="8">
  <Message>Error :Cannot read that as a ZipFile</Message>
</LogEntry>
<LogEntry Date="2019-03-18 13:55:20" Severity="Error" Source="duplicateFile.Classes.Analyser.AnalyseFolder" ThreadId="8">
  <Message>Error :Une exception de type 'System.OutOfMemoryException' a été levée.</Message>
</LogEntry>
<LogEntry Date="2019-03-18 13:59:00" Severity="Info2" Source="duplicateFile.Classes.Analyser.AnalyseFileSet" ThreadId="8">
  <Message>Analyse file set</Message>
</LogEntry>
<LogEntry Date="2019-03-18 13:59:01" Severity="Exception" Source="duplicateFile.Classes.Analyser.AnalyseFileSet" ThreadId="8">
  <Exception Type="Microsoft.SharePoint.Client.ServerException" Source="Microsoft.SharePoint.Client.ClientRequest.ProcessResponseStream">
    <Message>Fichier introuvable.</Message>
    <StackTrace>   à Microsoft.SharePoint.Client.ClientRequest.ProcessResponseStream(Stream responseStream)
   à Microsoft.SharePoint.Client.ClientRequest.ProcessResponse()
   à Microsoft.SharePoint.Client.ClientRequest.ExecuteQueryToServer(ChunkStringBuilder sb)
   à Microsoft.SharePoint.Client.ClientRequest.ExecuteQuery()
   à Microsoft.SharePoint.Client.ClientRuntimeContext.ExecuteQuery()
   à Microsoft.SharePoint.Client.ClientContext.ExecuteQuery()
   à duplicateFile.Classes.SPTools.getFileLastModifiedUser(String siteURL, String fileURL) dans D:\dev\Visual studio\duplicateFile\V7\duplicateFile\Classes\Tools\SPTools.cs:ligne 19
   à duplicateFile.Classes.Analyser.SetUser(DataRowView drFile) dans D:\dev\Visual studio\duplicateFile\V7\duplicateFile\Classes\Tools\Analyser.cs:ligne 511
   à duplicateFile.Classes.Analyser.AnalyseFileSet(BackgroundWorker worker, DoWorkEventArgs e) dans D:\dev\Visual studio\duplicateFile\V7\duplicateFile\Classes\Tools\Analyser.cs:ligne 480</StackTrace>
  </Exception>
</LogEntry>
<LogEntry Date="2019-03-18 13:59:01" Severity="Info2" Source="duplicateFile.Classes.Analyser.AnalyseFileSet" ThreadId="8">
  <Message>End of Fileset analysis</Message>
</LogEntry>
<LogEntry Date="2019-03-18 13:59:01" Severity="Info2" Source="duplicateFile.MainForm.Finalize" ThreadId="7">
  <Message>Analyse ended</Message>
</LogEntry>
</LogEntries>
