<?xml version="1.0" encoding="utf-8"?>
<LogEntries>
<LogEntry Date="2016-02-03 09:27:11" Severity="Info" Source="duplicateFile.Program.Main" ThreadId="10">
  <Message>Log set.</Message>
</LogEntry>
<LogEntry Date="2016-02-03 09:27:12" Severity="Info" Source="duplicateFile.MainForm..ctor" ThreadId="10">
  <Message>Config loaded</Message>
</LogEntry>
<LogEntry Date="2016-02-03 09:27:20" Severity="Exception" Source="duplicateFile.Classes.Analyser.setStats" ThreadId="10">
  <Exception Type="System.NullReferenceException" Source="duplicateFile.Classes.Analyser.setStats">
    <Message>La référence d'objet n'est pas définie à une instance d'un objet.</Message>
    <StackTrace>   à duplicateFile.Classes.Analyser.setStats() dans D:\dev\SharpDevelop Projects\duplicateFile\V5\duplicateFile\Classes\Tools\Analyser.cs:ligne 444</StackTrace>
  </Exception>
</LogEntry>
</LogEntries>
