<?xml version="1.0" encoding="utf-8"?>
<LogEntries>
<LogEntry Date="2019-03-17 17:56:02" Severity="Info" Source="duplicateFile.Program.Main" ThreadId="10">
  <Message>Log set.</Message>
</LogEntry>
<LogEntry Date="2019-03-17 17:56:04" Severity="Info" Source="duplicateFile.MainForm..ctor" ThreadId="10">
  <Message>Config loaded</Message>
</LogEntry>
<LogEntry Date="2019-03-17 17:56:14" Severity="Info2" Source="duplicateFile.MainForm.startAnalyse" ThreadId="10">
  <Message>Analyse started</Message>
</LogEntry>
<LogEntry Date="2019-03-17 17:56:14" Severity="Info2" Source="duplicateFile.Classes.Analyser.AnalyseFolder" ThreadId="12">
  <Message>Starting folder analysis</Message>
</LogEntry>
<LogEntry Date="2019-03-17 17:57:35" Severity="Error" Source="duplicateFile.Classes.Analyser.AnalyseFolder" ThreadId="12">
  <Message>Error :Cannot read that as a ZipFile</Message>
</LogEntry>
<LogEntry Date="2019-03-17 17:57:40" Severity="Error" Source="duplicateFile.Classes.Analyser.AnalyseFolder" ThreadId="12">
  <Message>Error :Cannot read that as a ZipFile</Message>
</LogEntry>
<LogEntry Date="2019-03-17 17:58:48" Severity="Exception" Source="duplicateFile.Classes.Analyser.AnalyseFolder" ThreadId="12">
  <Exception Type="System.UnauthorizedAccessException" Source="System.IO.__Error.WinIOError">
    <Message>L'accès au chemin d'accès 'D:\System Volume Information' est refusé.</Message>
    <StackTrace>   à System.IO.__Error.WinIOError(Int32 errorCode, String maybeFullPath)
   à System.IO.FileSystemEnumerableIterator`1.CommonInit()
   à System.IO.FileSystemEnumerableIterator`1..ctor(String path, String originalUserPath, String searchPattern, SearchOption searchOption, SearchResultHandler`1 resultHandler, Boolean checkHost)
   à System.IO.DirectoryInfo.InternalGetFiles(String searchPattern, SearchOption searchOption)
   à System.IO.DirectoryInfo.GetFiles()
   à duplicateFile.Classes.Analyser.AnalyseFolder(DirectoryInfo di, Boolean isSharePointLibrary, BackgroundWorker worker, DoWorkEventArgs e, Boolean start) dans D:\dev\Visual studio\duplicateFile\V7\duplicateFile\Classes\Tools\Analyser.cs:ligne 243</StackTrace>
  </Exception>
</LogEntry>
<LogEntry Date="2019-03-17 17:58:52" Severity="Info2" Source="duplicateFile.Classes.Analyser.AnalyseFileSet" ThreadId="12">
  <Message>Analyse file set</Message>
</LogEntry>
<LogEntry Date="2019-03-17 17:58:55" Severity="Exception" Source="duplicateFile.Classes.Analyser.AnalyseFileSet" ThreadId="12">
  <Exception Type="Microsoft.SharePoint.Client.ServerException" Source="Microsoft.SharePoint.Client.ClientRequest.ProcessResponseStream">
    <Message>Fichier introuvable.</Message>
    <StackTrace>   à Microsoft.SharePoint.Client.ClientRequest.ProcessResponseStream(Stream responseStream)
   à Microsoft.SharePoint.Client.ClientRequest.ProcessResponse()
   à Microsoft.SharePoint.Client.ClientRequest.ExecuteQueryToServer(ChunkStringBuilder sb)
   à Microsoft.SharePoint.Client.ClientRequest.ExecuteQuery()
   à Microsoft.SharePoint.Client.ClientRuntimeContext.ExecuteQuery()
   à Microsoft.SharePoint.Client.ClientContext.ExecuteQuery()
   à duplicateFile.Classes.SPTools.getFileLastModifiedUser(String siteURL, String fileURL) dans D:\dev\Visual studio\duplicateFile\V7\duplicateFile\Classes\Tools\SPTools.cs:ligne 19
   à duplicateFile.Classes.Analyser.SetUser(DataRowView drFile) dans D:\dev\Visual studio\duplicateFile\V7\duplicateFile\Classes\Tools\Analyser.cs:ligne 511
   à duplicateFile.Classes.Analyser.AnalyseFileSet(BackgroundWorker worker, DoWorkEventArgs e) dans D:\dev\Visual studio\duplicateFile\V7\duplicateFile\Classes\Tools\Analyser.cs:ligne 480</StackTrace>
  </Exception>
</LogEntry>
<LogEntry Date="2019-03-17 17:58:55" Severity="Info2" Source="duplicateFile.Classes.Analyser.AnalyseFileSet" ThreadId="12">
  <Message>End of Fileset analysis</Message>
</LogEntry>
<LogEntry Date="2019-03-17 17:58:55" Severity="Info2" Source="duplicateFile.MainForm.Finalize" ThreadId="10">
  <Message>Analyse ended</Message>
</LogEntry>
<LogEntry Date="2019-03-17 18:02:13" Severity="Info2" Source="duplicateFile.MainForm.startAnalyse" ThreadId="10">
  <Message>Analyse started</Message>
</LogEntry>
<LogEntry Date="2019-03-17 18:02:14" Severity="Info2" Source="duplicateFile.Classes.Analyser.AnalyseFolder" ThreadId="8">
  <Message>Starting folder analysis</Message>
</LogEntry>
<LogEntry Date="2019-03-17 18:02:14" Severity="Info2" Source="duplicateFile.Classes.Analyser.AnalyseFileSet" ThreadId="8">
  <Message>Analyse file set</Message>
</LogEntry>
<LogEntry Date="2019-03-17 18:02:14" Severity="Info2" Source="duplicateFile.Classes.Analyser.AnalyseFileSet" ThreadId="8">
  <Message>End of Fileset analysis</Message>
</LogEntry>
<LogEntry Date="2019-03-17 18:02:21" Severity="Info2" Source="duplicateFile.MainForm.startAnalyse" ThreadId="10">
  <Message>Analyse started</Message>
</LogEntry>
<LogEntry Date="2019-03-17 18:02:21" Severity="Info2" Source="duplicateFile.Classes.Analyser.AnalyseFolder" ThreadId="8">
  <Message>Starting folder analysis</Message>
</LogEntry>
<LogEntry Date="2019-03-17 18:02:21" Severity="Info2" Source="duplicateFile.Classes.Analyser.AnalyseFileSet" ThreadId="8">
  <Message>Analyse file set</Message>
</LogEntry>
<LogEntry Date="2019-03-17 18:02:21" Severity="Info2" Source="duplicateFile.Classes.Analyser.AnalyseFileSet" ThreadId="8">
  <Message>End of Fileset analysis</Message>
</LogEntry>
<LogEntry Date="2019-03-17 18:02:52" Severity="Info2" Source="duplicateFile.MainForm.startAnalyse" ThreadId="10">
  <Message>Analyse started</Message>
</LogEntry>
<LogEntry Date="2019-03-17 18:20:28" Severity="Info" Source="duplicateFile.Program.Main" ThreadId="9">
  <Message>Log set.</Message>
</LogEntry>
<LogEntry Date="2019-03-17 18:20:28" Severity="Info" Source="duplicateFile.MainForm..ctor" ThreadId="9">
  <Message>Config loaded</Message>
</LogEntry>
<LogEntry Date="2019-03-17 18:20:35" Severity="Info2" Source="duplicateFile.MainForm.startAnalyse" ThreadId="9">
  <Message>Analyse started</Message>
</LogEntry>
<LogEntry Date="2019-03-17 18:20:35" Severity="Info2" Source="duplicateFile.Classes.Analyser.AnalyseFolder" ThreadId="10">
  <Message>Starting folder analysis</Message>
</LogEntry>
<LogEntry Date="2019-03-17 18:20:35" Severity="Info2" Source="duplicateFile.Classes.Analyser.AnalyseFileSet" ThreadId="10">
  <Message>Analyse file set</Message>
</LogEntry>
<LogEntry Date="2019-03-17 18:20:35" Severity="Info2" Source="duplicateFile.Classes.Analyser.AnalyseFileSet" ThreadId="10">
  <Message>End of Fileset analysis</Message>
</LogEntry>
<LogEntry Date="2019-03-17 18:21:14" Severity="Info" Source="duplicateFile.Program.Main" ThreadId="10">
  <Message>Log set.</Message>
</LogEntry>
<LogEntry Date="2019-03-17 18:21:14" Severity="Info" Source="duplicateFile.MainForm..ctor" ThreadId="10">
  <Message>Config loaded</Message>
</LogEntry>
<LogEntry Date="2019-03-17 18:21:21" Severity="Info2" Source="duplicateFile.MainForm.startAnalyse" ThreadId="10">
  <Message>Analyse started</Message>
</LogEntry>
<LogEntry Date="2019-03-17 18:21:21" Severity="Info2" Source="duplicateFile.Classes.Analyser.AnalyseFolder" ThreadId="6">
  <Message>Starting folder analysis</Message>
</LogEntry>
<LogEntry Date="2019-03-17 18:21:21" Severity="Info2" Source="duplicateFile.Classes.Analyser.AnalyseFileSet" ThreadId="6">
  <Message>Analyse file set</Message>
</LogEntry>
<LogEntry Date="2019-03-17 18:21:21" Severity="Info2" Source="duplicateFile.Classes.Analyser.AnalyseFileSet" ThreadId="6">
  <Message>End of Fileset analysis</Message>
</LogEntry>
<LogEntry Date="2019-03-17 18:21:42" Severity="Info" Source="duplicateFile.Program.Main" ThreadId="10">
  <Message>Log set.</Message>
</LogEntry>
<LogEntry Date="2019-03-17 18:21:42" Severity="Info" Source="duplicateFile.MainForm..ctor" ThreadId="10">
  <Message>Config loaded</Message>
</LogEntry>
<LogEntry Date="2019-03-17 18:21:54" Severity="Info2" Source="duplicateFile.MainForm.startAnalyse" ThreadId="10">
  <Message>Analyse started</Message>
</LogEntry>
<LogEntry Date="2019-03-17 18:21:54" Severity="Info2" Source="duplicateFile.Classes.Analyser.AnalyseFolder" ThreadId="6">
  <Message>Starting folder analysis</Message>
</LogEntry>
<LogEntry Date="2019-03-17 18:22:55" Severity="Error" Source="duplicateFile.Classes.Analyser.AnalyseFolder" ThreadId="6">
  <Message>Error :Cannot read that as a ZipFile</Message>
</LogEntry>
<LogEntry Date="2019-03-17 18:23:00" Severity="Error" Source="duplicateFile.Classes.Analyser.AnalyseFolder" ThreadId="6">
  <Message>Error :Cannot read that as a ZipFile</Message>
</LogEntry>
<LogEntry Date="2019-03-17 18:23:33" Severity="Exception" Source="duplicateFile.Classes.Analyser.AnalyseFolder" ThreadId="6">
  <Exception Type="System.UnauthorizedAccessException" Source="System.IO.__Error.WinIOError">
    <Message>L'accès au chemin d'accès 'D:\System Volume Information' est refusé.</Message>
    <StackTrace>   à System.IO.__Error.WinIOError(Int32 errorCode, String maybeFullPath)
   à System.IO.FileSystemEnumerableIterator`1.CommonInit()
   à System.IO.FileSystemEnumerableIterator`1..ctor(String path, String originalUserPath, String searchPattern, SearchOption searchOption, SearchResultHandler`1 resultHandler, Boolean checkHost)
   à System.IO.DirectoryInfo.InternalGetFiles(String searchPattern, SearchOption searchOption)
   à System.IO.DirectoryInfo.GetFiles()
   à duplicateFile.Classes.Analyser.AnalyseFolder(DirectoryInfo di, Boolean isSharePointLibrary, BackgroundWorker worker, DoWorkEventArgs e, Boolean start) dans D:\dev\Visual studio\duplicateFile\V7\duplicateFile\Classes\Tools\Analyser.cs:ligne 243</StackTrace>
  </Exception>
</LogEntry>
<LogEntry Date="2019-03-17 18:23:34" Severity="Info2" Source="duplicateFile.Classes.Analyser.AnalyseFileSet" ThreadId="6">
  <Message>Analyse file set</Message>
</LogEntry>
<LogEntry Date="2019-03-17 18:23:36" Severity="Exception" Source="duplicateFile.Classes.Analyser.AnalyseFileSet" ThreadId="6">
  <Exception Type="Microsoft.SharePoint.Client.ServerException" Source="Microsoft.SharePoint.Client.ClientRequest.ProcessResponseStream">
    <Message>Fichier introuvable.</Message>
    <StackTrace>   à Microsoft.SharePoint.Client.ClientRequest.ProcessResponseStream(Stream responseStream)
   à Microsoft.SharePoint.Client.ClientRequest.ProcessResponse()
   à Microsoft.SharePoint.Client.ClientRequest.ExecuteQueryToServer(ChunkStringBuilder sb)
   à Microsoft.SharePoint.Client.ClientRequest.ExecuteQuery()
   à Microsoft.SharePoint.Client.ClientRuntimeContext.ExecuteQuery()
   à Microsoft.SharePoint.Client.ClientContext.ExecuteQuery()
   à duplicateFile.Classes.SPTools.getFileLastModifiedUser(String siteURL, String fileURL) dans D:\dev\Visual studio\duplicateFile\V7\duplicateFile\Classes\Tools\SPTools.cs:ligne 19
   à duplicateFile.Classes.Analyser.SetUser(DataRowView drFile) dans D:\dev\Visual studio\duplicateFile\V7\duplicateFile\Classes\Tools\Analyser.cs:ligne 511
   à duplicateFile.Classes.Analyser.AnalyseFileSet(BackgroundWorker worker, DoWorkEventArgs e) dans D:\dev\Visual studio\duplicateFile\V7\duplicateFile\Classes\Tools\Analyser.cs:ligne 480</StackTrace>
  </Exception>
</LogEntry>
<LogEntry Date="2019-03-17 18:23:36" Severity="Info2" Source="duplicateFile.Classes.Analyser.AnalyseFileSet" ThreadId="6">
  <Message>End of Fileset analysis</Message>
</LogEntry>
<LogEntry Date="2019-03-17 18:23:37" Severity="Info2" Source="duplicateFile.MainForm.Finalize" ThreadId="10">
  <Message>Analyse ended</Message>
</LogEntry>
<LogEntry Date="2019-03-17 18:25:42" Severity="Info" Source="duplicateFile.Program.Main" ThreadId="9">
  <Message>Log set.</Message>
</LogEntry>
<LogEntry Date="2019-03-17 18:25:42" Severity="Info" Source="duplicateFile.MainForm..ctor" ThreadId="9">
  <Message>Config loaded</Message>
</LogEntry>
<LogEntry Date="2019-03-17 18:26:01" Severity="Info2" Source="duplicateFile.MainForm.startAnalyse" ThreadId="9">
  <Message>Analyse started</Message>
</LogEntry>
<LogEntry Date="2019-03-17 18:26:01" Severity="Info2" Source="duplicateFile.Classes.Analyser.AnalyseFolder" ThreadId="10">
  <Message>Starting folder analysis</Message>
</LogEntry>
<LogEntry Date="2019-03-17 18:26:59" Severity="Error" Source="duplicateFile.Classes.Analyser.AnalyseFolder" ThreadId="10">
  <Message>Error :Cannot read that as a ZipFile</Message>
</LogEntry>
<LogEntry Date="2019-03-17 18:27:04" Severity="Error" Source="duplicateFile.Classes.Analyser.AnalyseFolder" ThreadId="10">
  <Message>Error :Cannot read that as a ZipFile</Message>
</LogEntry>
<LogEntry Date="2019-03-17 18:27:35" Severity="Exception" Source="duplicateFile.Classes.Analyser.AnalyseFolder" ThreadId="10">
  <Exception Type="System.UnauthorizedAccessException" Source="System.IO.__Error.WinIOError">
    <Message>L'accès au chemin d'accès 'D:\System Volume Information' est refusé.</Message>
    <StackTrace>   à System.IO.__Error.WinIOError(Int32 errorCode, String maybeFullPath)
   à System.IO.FileSystemEnumerableIterator`1.CommonInit()
   à System.IO.FileSystemEnumerableIterator`1..ctor(String path, String originalUserPath, String searchPattern, SearchOption searchOption, SearchResultHandler`1 resultHandler, Boolean checkHost)
   à System.IO.DirectoryInfo.InternalGetFiles(String searchPattern, SearchOption searchOption)
   à System.IO.DirectoryInfo.GetFiles()
   à duplicateFile.Classes.Analyser.AnalyseFolder(DirectoryInfo di, Boolean isSharePointLibrary, BackgroundWorker worker, DoWorkEventArgs e, Boolean start) dans D:\dev\Visual studio\duplicateFile\V7\duplicateFile\Classes\Tools\Analyser.cs:ligne 243</StackTrace>
  </Exception>
</LogEntry>
<LogEntry Date="2019-03-17 18:27:36" Severity="Info2" Source="duplicateFile.Classes.Analyser.AnalyseFileSet" ThreadId="10">
  <Message>Analyse file set</Message>
</LogEntry>
<LogEntry Date="2019-03-17 18:27:38" Severity="Exception" Source="duplicateFile.Classes.Analyser.AnalyseFileSet" ThreadId="10">
  <Exception Type="Microsoft.SharePoint.Client.ServerException" Source="Microsoft.SharePoint.Client.ClientRequest.ProcessResponseStream">
    <Message>Fichier introuvable.</Message>
    <StackTrace>   à Microsoft.SharePoint.Client.ClientRequest.ProcessResponseStream(Stream responseStream)
   à Microsoft.SharePoint.Client.ClientRequest.ProcessResponse()
   à Microsoft.SharePoint.Client.ClientRequest.ExecuteQueryToServer(ChunkStringBuilder sb)
   à Microsoft.SharePoint.Client.ClientRequest.ExecuteQuery()
   à Microsoft.SharePoint.Client.ClientRuntimeContext.ExecuteQuery()
   à Microsoft.SharePoint.Client.ClientContext.ExecuteQuery()
   à duplicateFile.Classes.SPTools.getFileLastModifiedUser(String siteURL, String fileURL) dans D:\dev\Visual studio\duplicateFile\V7\duplicateFile\Classes\Tools\SPTools.cs:ligne 19
   à duplicateFile.Classes.Analyser.SetUser(DataRowView drFile) dans D:\dev\Visual studio\duplicateFile\V7\duplicateFile\Classes\Tools\Analyser.cs:ligne 511
   à duplicateFile.Classes.Analyser.AnalyseFileSet(BackgroundWorker worker, DoWorkEventArgs e) dans D:\dev\Visual studio\duplicateFile\V7\duplicateFile\Classes\Tools\Analyser.cs:ligne 480</StackTrace>
  </Exception>
</LogEntry>
<LogEntry Date="2019-03-17 18:27:38" Severity="Info2" Source="duplicateFile.Classes.Analyser.AnalyseFileSet" ThreadId="10">
  <Message>End of Fileset analysis</Message>
</LogEntry>
<LogEntry Date="2019-03-17 18:27:39" Severity="Info2" Source="duplicateFile.MainForm.Finalize" ThreadId="9">
  <Message>Analyse ended</Message>
</LogEntry>
<LogEntry Date="2019-03-17 18:29:07" Severity="Info2" Source="duplicateFile.MainForm.startAnalyse" ThreadId="9">
  <Message>Analyse started</Message>
</LogEntry>
<LogEntry Date="2019-03-17 18:29:08" Severity="Info2" Source="duplicateFile.Classes.Analyser.AnalyseFolder" ThreadId="20">
  <Message>Starting folder analysis</Message>
</LogEntry>
<LogEntry Date="2019-03-17 18:36:37" Severity="Info" Source="duplicateFile.Program.Main" ThreadId="9">
  <Message>Log set.</Message>
</LogEntry>
<LogEntry Date="2019-03-17 18:36:37" Severity="Info" Source="duplicateFile.MainForm..ctor" ThreadId="9">
  <Message>Config loaded</Message>
</LogEntry>
<LogEntry Date="2019-03-17 18:36:44" Severity="Info2" Source="duplicateFile.MainForm.startAnalyse" ThreadId="9">
  <Message>Analyse started</Message>
</LogEntry>
<LogEntry Date="2019-03-17 18:36:44" Severity="Info2" Source="duplicateFile.Classes.Analyser.AnalyseFolder" ThreadId="12">
  <Message>Starting folder analysis</Message>
</LogEntry>
<LogEntry Date="2019-03-17 18:37:59" Severity="Info" Source="duplicateFile.Program.Main" ThreadId="10">
  <Message>Log set.</Message>
</LogEntry>
<LogEntry Date="2019-03-17 18:38:00" Severity="Info" Source="duplicateFile.MainForm..ctor" ThreadId="10">
  <Message>Config loaded</Message>
</LogEntry>
<LogEntry Date="2019-03-17 18:38:09" Severity="Info2" Source="duplicateFile.MainForm.startAnalyse" ThreadId="10">
  <Message>Analyse started</Message>
</LogEntry>
<LogEntry Date="2019-03-17 18:38:09" Severity="Info2" Source="duplicateFile.Classes.Analyser.AnalyseFolder" ThreadId="12">
  <Message>Starting folder analysis</Message>
</LogEntry>
<LogEntry Date="2019-03-17 18:44:10" Severity="Info2" Source="duplicateFile.Classes.Analyser.AnalyseFileSet" ThreadId="12">
  <Message>Analyse file set</Message>
</LogEntry>
<LogEntry Date="2019-03-17 18:44:10" Severity="Info2" Source="duplicateFile.Classes.Analyser.AnalyseFileSet" ThreadId="12">
  <Message>End of Fileset analysis</Message>
</LogEntry>
<LogEntry Date="2019-03-17 18:44:42" Severity="Info" Source="duplicateFile.Program.Main" ThreadId="9">
  <Message>Log set.</Message>
</LogEntry>
<LogEntry Date="2019-03-17 18:44:42" Severity="Info" Source="duplicateFile.MainForm..ctor" ThreadId="9">
  <Message>Config loaded</Message>
</LogEntry>
<LogEntry Date="2019-03-17 18:44:49" Severity="Info2" Source="duplicateFile.MainForm.startAnalyse" ThreadId="9">
  <Message>Analyse started</Message>
</LogEntry>
<LogEntry Date="2019-03-17 18:44:49" Severity="Info2" Source="duplicateFile.Classes.Analyser.AnalyseFolder" ThreadId="6">
  <Message>Starting folder analysis</Message>
</LogEntry>
<LogEntry Date="2019-03-17 18:45:15" Severity="Info" Source="duplicateFile.Program.Main" ThreadId="10">
  <Message>Log set.</Message>
</LogEntry>
<LogEntry Date="2019-03-17 18:45:15" Severity="Info" Source="duplicateFile.MainForm..ctor" ThreadId="10">
  <Message>Config loaded</Message>
</LogEntry>
<LogEntry Date="2019-03-17 18:45:20" Severity="Info2" Source="duplicateFile.MainForm.startAnalyse" ThreadId="10">
  <Message>Analyse started</Message>
</LogEntry>
<LogEntry Date="2019-03-17 18:45:20" Severity="Info2" Source="duplicateFile.Classes.Analyser.AnalyseFolder" ThreadId="12">
  <Message>Starting folder analysis</Message>
</LogEntry>
<LogEntry Date="2019-03-17 18:45:41" Severity="Info2" Source="duplicateFile.Classes.Analyser.AnalyseFileSet" ThreadId="12">
  <Message>Analyse file set</Message>
</LogEntry>
<LogEntry Date="2019-03-17 18:45:41" Severity="Info2" Source="duplicateFile.Classes.Analyser.AnalyseFileSet" ThreadId="12">
  <Message>End of Fileset analysis</Message>
</LogEntry>
<LogEntry Date="2019-03-17 18:46:07" Severity="Info" Source="duplicateFile.Program.Main" ThreadId="9">
  <Message>Log set.</Message>
</LogEntry>
<LogEntry Date="2019-03-17 18:46:07" Severity="Info" Source="duplicateFile.MainForm..ctor" ThreadId="9">
  <Message>Config loaded</Message>
</LogEntry>
<LogEntry Date="2019-03-17 18:46:13" Severity="Info2" Source="duplicateFile.MainForm.startAnalyse" ThreadId="9">
  <Message>Analyse started</Message>
</LogEntry>
<LogEntry Date="2019-03-17 18:46:13" Severity="Info2" Source="duplicateFile.Classes.Analyser.AnalyseFolder" ThreadId="12">
  <Message>Starting folder analysis</Message>
</LogEntry>
<LogEntry Date="2019-03-17 18:46:17" Severity="Info2" Source="duplicateFile.Classes.Analyser.AnalyseFileSet" ThreadId="12">
  <Message>Analyse file set</Message>
</LogEntry>
<LogEntry Date="2019-03-17 18:46:17" Severity="Info2" Source="duplicateFile.Classes.Analyser.AnalyseFileSet" ThreadId="12">
  <Message>End of Fileset analysis</Message>
</LogEntry>
<LogEntry Date="2019-03-17 18:51:29" Severity="Info" Source="duplicateFile.Program.Main" ThreadId="9">
  <Message>Log set.</Message>
</LogEntry>
<LogEntry Date="2019-03-17 18:51:29" Severity="Info" Source="duplicateFile.MainForm..ctor" ThreadId="9">
  <Message>Config loaded</Message>
</LogEntry>
<LogEntry Date="2019-03-17 18:51:36" Severity="Info2" Source="duplicateFile.MainForm.startAnalyse" ThreadId="9">
  <Message>Analyse started</Message>
</LogEntry>
<LogEntry Date="2019-03-17 18:51:36" Severity="Info2" Source="duplicateFile.Classes.Analyser.AnalyseFolder" ThreadId="10">
  <Message>Starting folder analysis</Message>
</LogEntry>
<LogEntry Date="2019-03-17 18:51:36" Severity="Info2" Source="duplicateFile.Classes.Analyser.AnalyseFileSet" ThreadId="10">
  <Message>Analyse file set</Message>
</LogEntry>
<LogEntry Date="2019-03-17 18:51:36" Severity="Info2" Source="duplicateFile.Classes.Analyser.AnalyseFileSet" ThreadId="10">
  <Message>End of Fileset analysis</Message>
</LogEntry>
<LogEntry Date="2019-03-17 18:51:41" Severity="Info2" Source="duplicateFile.MainForm.startAnalyse" ThreadId="9">
  <Message>Analyse started</Message>
</LogEntry>
<LogEntry Date="2019-03-17 18:51:42" Severity="Info2" Source="duplicateFile.Classes.Analyser.AnalyseFolder" ThreadId="14">
  <Message>Starting folder analysis</Message>
</LogEntry>
<LogEntry Date="2019-03-17 18:52:43" Severity="Error" Source="duplicateFile.Classes.Analyser.AnalyseFolder" ThreadId="14">
  <Message>Error :Cannot read that as a ZipFile</Message>
</LogEntry>
<LogEntry Date="2019-03-17 18:52:48" Severity="Error" Source="duplicateFile.Classes.Analyser.AnalyseFolder" ThreadId="14">
  <Message>Error :Cannot read that as a ZipFile</Message>
</LogEntry>
<LogEntry Date="2019-03-17 18:53:21" Severity="Exception" Source="duplicateFile.Classes.Analyser.AnalyseFolder" ThreadId="14">
  <Exception Type="System.UnauthorizedAccessException" Source="System.IO.__Error.WinIOError">
    <Message>L'accès au chemin d'accès 'D:\System Volume Information' est refusé.</Message>
    <StackTrace>   à System.IO.__Error.WinIOError(Int32 errorCode, String maybeFullPath)
   à System.IO.FileSystemEnumerableIterator`1.CommonInit()
   à System.IO.FileSystemEnumerableIterator`1..ctor(String path, String originalUserPath, String searchPattern, SearchOption searchOption, SearchResultHandler`1 resultHandler, Boolean checkHost)
   à System.IO.DirectoryInfo.InternalGetFiles(String searchPattern, SearchOption searchOption)
   à System.IO.DirectoryInfo.GetFiles()
   à duplicateFile.Classes.Analyser.AnalyseFolder(DirectoryInfo di, Boolean isSharePointLibrary, BackgroundWorker worker, DoWorkEventArgs e, Boolean start) dans D:\dev\Visual studio\duplicateFile\V7\duplicateFile\Classes\Tools\Analyser.cs:ligne 243</StackTrace>
  </Exception>
</LogEntry>
<LogEntry Date="2019-03-17 18:53:21" Severity="Info2" Source="duplicateFile.Classes.Analyser.AnalyseFileSet" ThreadId="14">
  <Message>Analyse file set</Message>
</LogEntry>
<LogEntry Date="2019-03-17 18:53:24" Severity="Exception" Source="duplicateFile.Classes.Analyser.AnalyseFileSet" ThreadId="14">
  <Exception Type="Microsoft.SharePoint.Client.ServerException" Source="Microsoft.SharePoint.Client.ClientRequest.ProcessResponseStream">
    <Message>Fichier introuvable.</Message>
    <StackTrace>   à Microsoft.SharePoint.Client.ClientRequest.ProcessResponseStream(Stream responseStream)
   à Microsoft.SharePoint.Client.ClientRequest.ProcessResponse()
   à Microsoft.SharePoint.Client.ClientRequest.ExecuteQueryToServer(ChunkStringBuilder sb)
   à Microsoft.SharePoint.Client.ClientRequest.ExecuteQuery()
   à Microsoft.SharePoint.Client.ClientRuntimeContext.ExecuteQuery()
   à Microsoft.SharePoint.Client.ClientContext.ExecuteQuery()
   à duplicateFile.Classes.SPTools.getFileLastModifiedUser(String siteURL, String fileURL) dans D:\dev\Visual studio\duplicateFile\V7\duplicateFile\Classes\Tools\SPTools.cs:ligne 19
   à duplicateFile.Classes.Analyser.SetUser(DataRowView drFile) dans D:\dev\Visual studio\duplicateFile\V7\duplicateFile\Classes\Tools\Analyser.cs:ligne 511
   à duplicateFile.Classes.Analyser.AnalyseFileSet(BackgroundWorker worker, DoWorkEventArgs e) dans D:\dev\Visual studio\duplicateFile\V7\duplicateFile\Classes\Tools\Analyser.cs:ligne 480</StackTrace>
  </Exception>
</LogEntry>
<LogEntry Date="2019-03-17 18:53:24" Severity="Info2" Source="duplicateFile.Classes.Analyser.AnalyseFileSet" ThreadId="14">
  <Message>End of Fileset analysis</Message>
</LogEntry>
<LogEntry Date="2019-03-17 18:53:24" Severity="Info2" Source="duplicateFile.MainForm.Finalize" ThreadId="9">
  <Message>Analyse ended</Message>
</LogEntry>
<LogEntry Date="2019-03-17 19:30:31" Severity="Info" Source="duplicateFile.Program.Main" ThreadId="8">
  <Message>Log set.</Message>
</LogEntry>
<LogEntry Date="2019-03-17 19:30:32" Severity="Info" Source="duplicateFile.MainForm..ctor" ThreadId="8">
  <Message>Config loaded</Message>
</LogEntry>
<LogEntry Date="2019-03-17 19:30:40" Severity="Info2" Source="duplicateFile.MainForm.startAnalyse" ThreadId="8">
  <Message>Analyse started</Message>
</LogEntry>
<LogEntry Date="2019-03-17 19:30:40" Severity="Info2" Source="duplicateFile.Classes.Analyser.AnalyseFolder" ThreadId="9">
  <Message>Starting folder analysis</Message>
</LogEntry>
<LogEntry Date="2019-03-17 19:31:41" Severity="Error" Source="duplicateFile.Classes.Analyser.AnalyseFolder" ThreadId="9">
  <Message>Error :Cannot read that as a ZipFile</Message>
</LogEntry>
<LogEntry Date="2019-03-17 19:31:46" Severity="Error" Source="duplicateFile.Classes.Analyser.AnalyseFolder" ThreadId="9">
  <Message>Error :Cannot read that as a ZipFile</Message>
</LogEntry>
<LogEntry Date="2019-03-17 19:32:19" Severity="Exception" Source="duplicateFile.Classes.Analyser.AnalyseFolder" ThreadId="9">
  <Exception Type="System.UnauthorizedAccessException" Source="System.IO.__Error.WinIOError">
    <Message>L'accès au chemin d'accès 'D:\System Volume Information' est refusé.</Message>
    <StackTrace>   à System.IO.__Error.WinIOError(Int32 errorCode, String maybeFullPath)
   à System.IO.FileSystemEnumerableIterator`1.CommonInit()
   à System.IO.FileSystemEnumerableIterator`1..ctor(String path, String originalUserPath, String searchPattern, SearchOption searchOption, SearchResultHandler`1 resultHandler, Boolean checkHost)
   à System.IO.DirectoryInfo.InternalGetFiles(String searchPattern, SearchOption searchOption)
   à System.IO.DirectoryInfo.GetFiles()
   à duplicateFile.Classes.Analyser.AnalyseFolder(DirectoryInfo di, Boolean isSharePointLibrary, BackgroundWorker worker, DoWorkEventArgs e, Boolean start) dans D:\dev\Visual studio\duplicateFile\V7\duplicateFile\Classes\Tools\Analyser.cs:ligne 243</StackTrace>
  </Exception>
</LogEntry>
<LogEntry Date="2019-03-17 19:32:20" Severity="Info2" Source="duplicateFile.Classes.Analyser.AnalyseFileSet" ThreadId="9">
  <Message>Analyse file set</Message>
</LogEntry>
<LogEntry Date="2019-03-17 19:32:22" Severity="Exception" Source="duplicateFile.Classes.Analyser.AnalyseFileSet" ThreadId="9">
  <Exception Type="Microsoft.SharePoint.Client.ServerException" Source="Microsoft.SharePoint.Client.ClientRequest.ProcessResponseStream">
    <Message>Fichier introuvable.</Message>
    <StackTrace>   à Microsoft.SharePoint.Client.ClientRequest.ProcessResponseStream(Stream responseStream)
   à Microsoft.SharePoint.Client.ClientRequest.ProcessResponse()
   à Microsoft.SharePoint.Client.ClientRequest.ExecuteQueryToServer(ChunkStringBuilder sb)
   à Microsoft.SharePoint.Client.ClientRequest.ExecuteQuery()
   à Microsoft.SharePoint.Client.ClientRuntimeContext.ExecuteQuery()
   à Microsoft.SharePoint.Client.ClientContext.ExecuteQuery()
   à duplicateFile.Classes.SPTools.getFileLastModifiedUser(String siteURL, String fileURL) dans D:\dev\Visual studio\duplicateFile\V7\duplicateFile\Classes\Tools\SPTools.cs:ligne 19
   à duplicateFile.Classes.Analyser.SetUser(DataRowView drFile) dans D:\dev\Visual studio\duplicateFile\V7\duplicateFile\Classes\Tools\Analyser.cs:ligne 511
   à duplicateFile.Classes.Analyser.AnalyseFileSet(BackgroundWorker worker, DoWorkEventArgs e) dans D:\dev\Visual studio\duplicateFile\V7\duplicateFile\Classes\Tools\Analyser.cs:ligne 480</StackTrace>
  </Exception>
</LogEntry>
<LogEntry Date="2019-03-17 19:32:22" Severity="Info2" Source="duplicateFile.Classes.Analyser.AnalyseFileSet" ThreadId="9">
  <Message>End of Fileset analysis</Message>
</LogEntry>
<LogEntry Date="2019-03-17 19:32:23" Severity="Info2" Source="duplicateFile.MainForm.Finalize" ThreadId="8">
  <Message>Analyse ended</Message>
</LogEntry>
<LogEntry Date="2019-03-17 20:11:55" Severity="Info2" Source="duplicateFile.MainForm.startAnalyse" ThreadId="8">
  <Message>Analyse started</Message>
</LogEntry>
<LogEntry Date="2019-03-17 20:11:55" Severity="Info2" Source="duplicateFile.Classes.Analyser.AnalyseFolder" ThreadId="19">
  <Message>Starting folder analysis</Message>
</LogEntry>
<LogEntry Date="2019-03-17 20:12:14" Severity="Exception" Source="duplicateFile.Classes.Analyser.AnalyseFolder" ThreadId="19">
  <Exception Type="System.UnauthorizedAccessException" Source="System.IO.__Error.WinIOError">
    <Message>L'accès au chemin d'accès 'C:\Users\dapojero.DOMCAN\Documents\Ma musique' est refusé.</Message>
    <StackTrace>   à System.IO.__Error.WinIOError(Int32 errorCode, String maybeFullPath)
   à System.IO.FileSystemEnumerableIterator`1.CommonInit()
   à System.IO.FileSystemEnumerableIterator`1..ctor(String path, String originalUserPath, String searchPattern, SearchOption searchOption, SearchResultHandler`1 resultHandler, Boolean checkHost)
   à System.IO.DirectoryInfo.InternalGetFiles(String searchPattern, SearchOption searchOption)
   à System.IO.DirectoryInfo.GetFiles()
   à duplicateFile.Classes.Analyser.AnalyseFolder(DirectoryInfo di, Boolean isSharePointLibrary, BackgroundWorker worker, DoWorkEventArgs e, Boolean start) dans D:\dev\Visual studio\duplicateFile\V7\duplicateFile\Classes\Tools\Analyser.cs:ligne 243</StackTrace>
  </Exception>
</LogEntry>
<LogEntry Date="2019-03-17 20:12:26" Severity="Exception" Source="duplicateFile.Classes.Analyser.AnalyseFolder" ThreadId="19">
  <Exception Type="System.UnauthorizedAccessException" Source="System.IO.__Error.WinIOError">
    <Message>L'accès au chemin d'accès 'C:\Users\dapojero.DOMCAN\Documents\Mes images' est refusé.</Message>
    <StackTrace>   à System.IO.__Error.WinIOError(Int32 errorCode, String maybeFullPath)
   à System.IO.FileSystemEnumerableIterator`1.CommonInit()
   à System.IO.FileSystemEnumerableIterator`1..ctor(String path, String originalUserPath, String searchPattern, SearchOption searchOption, SearchResultHandler`1 resultHandler, Boolean checkHost)
   à System.IO.DirectoryInfo.InternalGetFiles(String searchPattern, SearchOption searchOption)
   à System.IO.DirectoryInfo.GetFiles()
   à duplicateFile.Classes.Analyser.AnalyseFolder(DirectoryInfo di, Boolean isSharePointLibrary, BackgroundWorker worker, DoWorkEventArgs e, Boolean start) dans D:\dev\Visual studio\duplicateFile\V7\duplicateFile\Classes\Tools\Analyser.cs:ligne 243</StackTrace>
  </Exception>
</LogEntry>
<LogEntry Date="2019-03-17 20:12:26" Severity="Exception" Source="duplicateFile.Classes.Analyser.AnalyseFolder" ThreadId="19">
  <Exception Type="System.UnauthorizedAccessException" Source="System.IO.__Error.WinIOError">
    <Message>L'accès au chemin d'accès 'C:\Users\dapojero.DOMCAN\Documents\Mes vidéos' est refusé.</Message>
    <StackTrace>   à System.IO.__Error.WinIOError(Int32 errorCode, String maybeFullPath)
   à System.IO.FileSystemEnumerableIterator`1.CommonInit()
   à System.IO.FileSystemEnumerableIterator`1..ctor(String path, String originalUserPath, String searchPattern, SearchOption searchOption, SearchResultHandler`1 resultHandler, Boolean checkHost)
   à System.IO.DirectoryInfo.InternalGetFiles(String searchPattern, SearchOption searchOption)
   à System.IO.DirectoryInfo.GetFiles()
   à duplicateFile.Classes.Analyser.AnalyseFolder(DirectoryInfo di, Boolean isSharePointLibrary, BackgroundWorker worker, DoWorkEventArgs e, Boolean start) dans D:\dev\Visual studio\duplicateFile\V7\duplicateFile\Classes\Tools\Analyser.cs:ligne 243</StackTrace>
  </Exception>
</LogEntry>
<LogEntry Date="2019-03-17 20:12:26" Severity="Info2" Source="duplicateFile.Classes.Analyser.AnalyseFileSet" ThreadId="19">
  <Message>Analyse file set</Message>
</LogEntry>
<LogEntry Date="2019-03-17 20:12:28" Severity="Exception" Source="duplicateFile.Classes.Analyser.AnalyseFileSet" ThreadId="19">
  <Exception Type="Microsoft.SharePoint.Client.ServerException" Source="Microsoft.SharePoint.Client.ClientRequest.ProcessResponseStream">
    <Message>Fichier introuvable.</Message>
    <StackTrace>   à Microsoft.SharePoint.Client.ClientRequest.ProcessResponseStream(Stream responseStream)
   à Microsoft.SharePoint.Client.ClientRequest.ProcessResponse()
   à Microsoft.SharePoint.Client.ClientRequest.ExecuteQueryToServer(ChunkStringBuilder sb)
   à Microsoft.SharePoint.Client.ClientRequest.ExecuteQuery()
   à Microsoft.SharePoint.Client.ClientRuntimeContext.ExecuteQuery()
   à Microsoft.SharePoint.Client.ClientContext.ExecuteQuery()
   à duplicateFile.Classes.SPTools.getFileLastModifiedUser(String siteURL, String fileURL) dans D:\dev\Visual studio\duplicateFile\V7\duplicateFile\Classes\Tools\SPTools.cs:ligne 19
   à duplicateFile.Classes.Analyser.SetUser(DataRowView drFile) dans D:\dev\Visual studio\duplicateFile\V7\duplicateFile\Classes\Tools\Analyser.cs:ligne 511
   à duplicateFile.Classes.Analyser.AnalyseFileSet(BackgroundWorker worker, DoWorkEventArgs e) dans D:\dev\Visual studio\duplicateFile\V7\duplicateFile\Classes\Tools\Analyser.cs:ligne 480</StackTrace>
  </Exception>
</LogEntry>
<LogEntry Date="2019-03-17 20:12:28" Severity="Info2" Source="duplicateFile.Classes.Analyser.AnalyseFileSet" ThreadId="19">
  <Message>End of Fileset analysis</Message>
</LogEntry>
<LogEntry Date="2019-03-17 20:12:28" Severity="Info2" Source="duplicateFile.MainForm.Finalize" ThreadId="8">
  <Message>Analyse ended</Message>
</LogEntry>
<LogEntry Date="2019-03-17 20:16:10" Severity="Info" Source="duplicateFile.Program.Main" ThreadId="9">
  <Message>Log set.</Message>
</LogEntry>
<LogEntry Date="2019-03-17 20:16:10" Severity="Info" Source="duplicateFile.MainForm..ctor" ThreadId="9">
  <Message>Config loaded</Message>
</LogEntry>
<LogEntry Date="2019-03-17 20:16:18" Severity="Info2" Source="duplicateFile.MainForm.startAnalyse" ThreadId="9">
  <Message>Analyse started</Message>
</LogEntry>
<LogEntry Date="2019-03-17 20:16:18" Severity="Info2" Source="duplicateFile.Classes.Analyser.AnalyseFolder" ThreadId="10">
  <Message>Starting folder analysis</Message>
</LogEntry>
<LogEntry Date="2019-03-17 20:16:37" Severity="Exception" Source="duplicateFile.Classes.Analyser.AnalyseFolder" ThreadId="10">
  <Exception Type="System.UnauthorizedAccessException" Source="System.IO.__Error.WinIOError">
    <Message>L'accès au chemin d'accès 'C:\Users\dapojero.DOMCAN\Documents\Ma musique' est refusé.</Message>
    <StackTrace>   à System.IO.__Error.WinIOError(Int32 errorCode, String maybeFullPath)
   à System.IO.FileSystemEnumerableIterator`1.CommonInit()
   à System.IO.FileSystemEnumerableIterator`1..ctor(String path, String originalUserPath, String searchPattern, SearchOption searchOption, SearchResultHandler`1 resultHandler, Boolean checkHost)
   à System.IO.DirectoryInfo.InternalGetFiles(String searchPattern, SearchOption searchOption)
   à System.IO.DirectoryInfo.GetFiles()
   à duplicateFile.Classes.Analyser.AnalyseFolder(DirectoryInfo di, Boolean isSharePointLibrary, BackgroundWorker worker, DoWorkEventArgs e, Boolean start) dans D:\dev\Visual studio\duplicateFile\V7\duplicateFile\Classes\Tools\Analyser.cs:ligne 243</StackTrace>
  </Exception>
</LogEntry>
<LogEntry Date="2019-03-17 20:16:48" Severity="Exception" Source="duplicateFile.Classes.Analyser.AnalyseFolder" ThreadId="10">
  <Exception Type="System.UnauthorizedAccessException" Source="System.IO.__Error.WinIOError">
    <Message>L'accès au chemin d'accès 'C:\Users\dapojero.DOMCAN\Documents\Mes images' est refusé.</Message>
    <StackTrace>   à System.IO.__Error.WinIOError(Int32 errorCode, String maybeFullPath)
   à System.IO.FileSystemEnumerableIterator`1.CommonInit()
   à System.IO.FileSystemEnumerableIterator`1..ctor(String path, String originalUserPath, String searchPattern, SearchOption searchOption, SearchResultHandler`1 resultHandler, Boolean checkHost)
   à System.IO.DirectoryInfo.InternalGetFiles(String searchPattern, SearchOption searchOption)
   à System.IO.DirectoryInfo.GetFiles()
   à duplicateFile.Classes.Analyser.AnalyseFolder(DirectoryInfo di, Boolean isSharePointLibrary, BackgroundWorker worker, DoWorkEventArgs e, Boolean start) dans D:\dev\Visual studio\duplicateFile\V7\duplicateFile\Classes\Tools\Analyser.cs:ligne 243</StackTrace>
  </Exception>
</LogEntry>
<LogEntry Date="2019-03-17 20:16:48" Severity="Exception" Source="duplicateFile.Classes.Analyser.AnalyseFolder" ThreadId="10">
  <Exception Type="System.UnauthorizedAccessException" Source="System.IO.__Error.WinIOError">
    <Message>L'accès au chemin d'accès 'C:\Users\dapojero.DOMCAN\Documents\Mes vidéos' est refusé.</Message>
    <StackTrace>   à System.IO.__Error.WinIOError(Int32 errorCode, String maybeFullPath)
   à System.IO.FileSystemEnumerableIterator`1.CommonInit()
   à System.IO.FileSystemEnumerableIterator`1..ctor(String path, String originalUserPath, String searchPattern, SearchOption searchOption, SearchResultHandler`1 resultHandler, Boolean checkHost)
   à System.IO.DirectoryInfo.InternalGetFiles(String searchPattern, SearchOption searchOption)
   à System.IO.DirectoryInfo.GetFiles()
   à duplicateFile.Classes.Analyser.AnalyseFolder(DirectoryInfo di, Boolean isSharePointLibrary, BackgroundWorker worker, DoWorkEventArgs e, Boolean start) dans D:\dev\Visual studio\duplicateFile\V7\duplicateFile\Classes\Tools\Analyser.cs:ligne 243</StackTrace>
  </Exception>
</LogEntry>
<LogEntry Date="2019-03-17 20:16:48" Severity="Info2" Source="duplicateFile.Classes.Analyser.AnalyseFileSet" ThreadId="10">
  <Message>Analyse file set</Message>
</LogEntry>
<LogEntry Date="2019-03-17 20:16:50" Severity="Exception" Source="duplicateFile.Classes.Analyser.AnalyseFileSet" ThreadId="10">
  <Exception Type="Microsoft.SharePoint.Client.ServerException" Source="Microsoft.SharePoint.Client.ClientRequest.ProcessResponseStream">
    <Message>Fichier introuvable.</Message>
    <StackTrace>   à Microsoft.SharePoint.Client.ClientRequest.ProcessResponseStream(Stream responseStream)
   à Microsoft.SharePoint.Client.ClientRequest.ProcessResponse()
   à Microsoft.SharePoint.Client.ClientRequest.ExecuteQueryToServer(ChunkStringBuilder sb)
   à Microsoft.SharePoint.Client.ClientRequest.ExecuteQuery()
   à Microsoft.SharePoint.Client.ClientRuntimeContext.ExecuteQuery()
   à Microsoft.SharePoint.Client.ClientContext.ExecuteQuery()
   à duplicateFile.Classes.SPTools.getFileLastModifiedUser(String siteURL, String fileURL) dans D:\dev\Visual studio\duplicateFile\V7\duplicateFile\Classes\Tools\SPTools.cs:ligne 19
   à duplicateFile.Classes.Analyser.SetUser(DataRowView drFile) dans D:\dev\Visual studio\duplicateFile\V7\duplicateFile\Classes\Tools\Analyser.cs:ligne 511
   à duplicateFile.Classes.Analyser.AnalyseFileSet(BackgroundWorker worker, DoWorkEventArgs e) dans D:\dev\Visual studio\duplicateFile\V7\duplicateFile\Classes\Tools\Analyser.cs:ligne 480</StackTrace>
  </Exception>
</LogEntry>
<LogEntry Date="2019-03-17 20:16:50" Severity="Info2" Source="duplicateFile.Classes.Analyser.AnalyseFileSet" ThreadId="10">
  <Message>End of Fileset analysis</Message>
</LogEntry>
<LogEntry Date="2019-03-17 20:16:50" Severity="Info2" Source="duplicateFile.MainForm.Finalize" ThreadId="9">
  <Message>Analyse ended</Message>
</LogEntry>
<LogEntry Date="2019-03-17 20:18:14" Severity="Info" Source="duplicateFile.Program.Main" ThreadId="9">
  <Message>Log set.</Message>
</LogEntry>
<LogEntry Date="2019-03-17 20:18:14" Severity="Info" Source="duplicateFile.MainForm..ctor" ThreadId="9">
  <Message>Config loaded</Message>
</LogEntry>
<LogEntry Date="2019-03-17 20:18:26" Severity="Info2" Source="duplicateFile.MainForm.startAnalyse" ThreadId="9">
  <Message>Analyse started</Message>
</LogEntry>
<LogEntry Date="2019-03-17 20:18:26" Severity="Info2" Source="duplicateFile.Classes.Analyser.AnalyseFolder" ThreadId="10">
  <Message>Starting folder analysis</Message>
</LogEntry>
<LogEntry Date="2019-03-17 20:18:45" Severity="Exception" Source="duplicateFile.Classes.Analyser.AnalyseFolder" ThreadId="10">
  <Exception Type="System.UnauthorizedAccessException" Source="System.IO.__Error.WinIOError">
    <Message>L'accès au chemin d'accès 'C:\Users\dapojero.DOMCAN\Documents\Ma musique' est refusé.</Message>
    <StackTrace>   à System.IO.__Error.WinIOError(Int32 errorCode, String maybeFullPath)
   à System.IO.FileSystemEnumerableIterator`1.CommonInit()
   à System.IO.FileSystemEnumerableIterator`1..ctor(String path, String originalUserPath, String searchPattern, SearchOption searchOption, SearchResultHandler`1 resultHandler, Boolean checkHost)
   à System.IO.DirectoryInfo.InternalGetFiles(String searchPattern, SearchOption searchOption)
   à System.IO.DirectoryInfo.GetFiles()
   à duplicateFile.Classes.Analyser.AnalyseFolder(DirectoryInfo di, Boolean isSharePointLibrary, BackgroundWorker worker, DoWorkEventArgs e, Boolean start) dans D:\dev\Visual studio\duplicateFile\V7\duplicateFile\Classes\Tools\Analyser.cs:ligne 243</StackTrace>
  </Exception>
</LogEntry>
<LogEntry Date="2019-03-17 20:18:56" Severity="Exception" Source="duplicateFile.Classes.Analyser.AnalyseFolder" ThreadId="10">
  <Exception Type="System.UnauthorizedAccessException" Source="System.IO.__Error.WinIOError">
    <Message>L'accès au chemin d'accès 'C:\Users\dapojero.DOMCAN\Documents\Mes images' est refusé.</Message>
    <StackTrace>   à System.IO.__Error.WinIOError(Int32 errorCode, String maybeFullPath)
   à System.IO.FileSystemEnumerableIterator`1.CommonInit()
   à System.IO.FileSystemEnumerableIterator`1..ctor(String path, String originalUserPath, String searchPattern, SearchOption searchOption, SearchResultHandler`1 resultHandler, Boolean checkHost)
   à System.IO.DirectoryInfo.InternalGetFiles(String searchPattern, SearchOption searchOption)
   à System.IO.DirectoryInfo.GetFiles()
   à duplicateFile.Classes.Analyser.AnalyseFolder(DirectoryInfo di, Boolean isSharePointLibrary, BackgroundWorker worker, DoWorkEventArgs e, Boolean start) dans D:\dev\Visual studio\duplicateFile\V7\duplicateFile\Classes\Tools\Analyser.cs:ligne 243</StackTrace>
  </Exception>
</LogEntry>
<LogEntry Date="2019-03-17 20:18:56" Severity="Exception" Source="duplicateFile.Classes.Analyser.AnalyseFolder" ThreadId="10">
  <Exception Type="System.UnauthorizedAccessException" Source="System.IO.__Error.WinIOError">
    <Message>L'accès au chemin d'accès 'C:\Users\dapojero.DOMCAN\Documents\Mes vidéos' est refusé.</Message>
    <StackTrace>   à System.IO.__Error.WinIOError(Int32 errorCode, String maybeFullPath)
   à System.IO.FileSystemEnumerableIterator`1.CommonInit()
   à System.IO.FileSystemEnumerableIterator`1..ctor(String path, String originalUserPath, String searchPattern, SearchOption searchOption, SearchResultHandler`1 resultHandler, Boolean checkHost)
   à System.IO.DirectoryInfo.InternalGetFiles(String searchPattern, SearchOption searchOption)
   à System.IO.DirectoryInfo.GetFiles()
   à duplicateFile.Classes.Analyser.AnalyseFolder(DirectoryInfo di, Boolean isSharePointLibrary, BackgroundWorker worker, DoWorkEventArgs e, Boolean start) dans D:\dev\Visual studio\duplicateFile\V7\duplicateFile\Classes\Tools\Analyser.cs:ligne 243</StackTrace>
  </Exception>
</LogEntry>
<LogEntry Date="2019-03-17 20:18:56" Severity="Info2" Source="duplicateFile.Classes.Analyser.AnalyseFileSet" ThreadId="10">
  <Message>Analyse file set</Message>
</LogEntry>
<LogEntry Date="2019-03-17 20:18:58" Severity="Exception" Source="duplicateFile.Classes.Analyser.AnalyseFileSet" ThreadId="10">
  <Exception Type="Microsoft.SharePoint.Client.ServerException" Source="Microsoft.SharePoint.Client.ClientRequest.ProcessResponseStream">
    <Message>Fichier introuvable.</Message>
    <StackTrace>   à Microsoft.SharePoint.Client.ClientRequest.ProcessResponseStream(Stream responseStream)
   à Microsoft.SharePoint.Client.ClientRequest.ProcessResponse()
   à Microsoft.SharePoint.Client.ClientRequest.ExecuteQueryToServer(ChunkStringBuilder sb)
   à Microsoft.SharePoint.Client.ClientRequest.ExecuteQuery()
   à Microsoft.SharePoint.Client.ClientRuntimeContext.ExecuteQuery()
   à Microsoft.SharePoint.Client.ClientContext.ExecuteQuery()
   à duplicateFile.Classes.SPTools.getFileLastModifiedUser(String siteURL, String fileURL) dans D:\dev\Visual studio\duplicateFile\V7\duplicateFile\Classes\Tools\SPTools.cs:ligne 19
   à duplicateFile.Classes.Analyser.SetUser(DataRowView drFile) dans D:\dev\Visual studio\duplicateFile\V7\duplicateFile\Classes\Tools\Analyser.cs:ligne 511
   à duplicateFile.Classes.Analyser.AnalyseFileSet(BackgroundWorker worker, DoWorkEventArgs e) dans D:\dev\Visual studio\duplicateFile\V7\duplicateFile\Classes\Tools\Analyser.cs:ligne 480</StackTrace>
  </Exception>
</LogEntry>
<LogEntry Date="2019-03-17 20:18:58" Severity="Info2" Source="duplicateFile.Classes.Analyser.AnalyseFileSet" ThreadId="10">
  <Message>End of Fileset analysis</Message>
</LogEntry>
<LogEntry Date="2019-03-17 20:18:58" Severity="Info2" Source="duplicateFile.MainForm.Finalize" ThreadId="9">
  <Message>Analyse ended</Message>
</LogEntry>
</LogEntries>
