<Logs>
<LogEntry Date="2015-11-03 13:43:38" Severity="Info" Source="duplicateFile.Program.Main" ThreadId="9">
  <Message>Log set.</Message>
</LogEntry>
<LogEntry Date="2015-11-03 13:43:39" Severity="Info" Source="duplicateFile.MainForm..ctor" ThreadId="9">
  <Message>Config loaded</Message>
</LogEntry>
<LogEntry Date="2015-11-03 13:43:39" Severity="Info" Source="duplicateFile.Classes.Analyser.InitDataSet" ThreadId="9">
  <Message>MySQL Database initialisation</Message>
</LogEntry>
<LogEntry Date="2015-11-03 13:50:13" Severity="Info" Source="duplicateFile.Program.Main" ThreadId="10">
  <Message>Log set.</Message>
</LogEntry>
<LogEntry Date="2015-11-03 13:50:13" Severity="Info" Source="duplicateFile.MainForm..ctor" ThreadId="10">
  <Message>Config loaded</Message>
</LogEntry>
<LogEntry Date="2015-11-03 13:50:13" Severity="Info" Source="duplicateFile.Classes.Analyser.InitDataSet" ThreadId="10">
  <Message>MySQL Database initialisation</Message>
</LogEntry>
<LogEntry Date="2015-11-03 13:54:21" Severity="Info" Source="duplicateFile.Program.Main" ThreadId="10">
  <Message>Log set.</Message>
</LogEntry>
<LogEntry Date="2015-11-03 13:54:22" Severity="Info" Source="duplicateFile.MainForm..ctor" ThreadId="10">
  <Message>Config loaded</Message>
</LogEntry>
<LogEntry Date="2015-11-03 13:54:22" Severity="Info" Source="duplicateFile.Classes.Analyser.InitDataSet" ThreadId="10">
  <Message>MySQL Database initialisation</Message>
</LogEntry>
<LogEntry Date="2015-11-03 13:54:43" Severity="Info" Source="duplicateFile.MainForm.startAnalyse" ThreadId="10">
  <Message>Analyse started</Message>
</LogEntry>
<LogEntry Date="2015-11-03 13:54:43" Severity="Info" Source="duplicateFile.Classes.Analyser.InitDataSet" ThreadId="10">
  <Message>MySQL Database initialisation</Message>
</LogEntry>
<LogEntry Date="2015-11-03 13:54:43" Severity="Info" Source="duplicateFile.Classes.Analyser.AnalyseFolder" ThreadId="13">
  <Message>Starting folder analysys</Message>
</LogEntry>
<LogEntry Date="2015-11-03 13:54:51" Severity="Info" Source="duplicateFile.Classes.Analyser.AnalyseFileSet" ThreadId="13">
  <Message>Analyse file set</Message>
</LogEntry>
<LogEntry Date="2015-11-03 13:55:00" Severity="Info" Source="duplicateFile.MainForm.startAnalyse" ThreadId="10">
  <Message>Analyse started</Message>
</LogEntry>
<LogEntry Date="2015-11-03 13:55:00" Severity="Info" Source="duplicateFile.Classes.Analyser.InitDataSet" ThreadId="10">
  <Message>MySQL Database initialisation</Message>
</LogEntry>
<LogEntry Date="2015-11-03 13:55:00" Severity="Info" Source="duplicateFile.Classes.Analyser.AnalyseFolder" ThreadId="13">
  <Message>Starting folder analysys</Message>
</LogEntry>
<LogEntry Date="2015-11-03 13:55:23" Severity="Info" Source="duplicateFile.Classes.Analyser.AnalyseFileSet" ThreadId="13">
  <Message>Analyse file set</Message>
</LogEntry>
<LogEntry Date="2015-11-03 14:04:23" Severity="Info" Source="duplicateFile.Program.Main" ThreadId="10">
  <Message>Log set.</Message>
</LogEntry>
<LogEntry Date="2015-11-03 14:04:23" Severity="Info" Source="duplicateFile.MainForm..ctor" ThreadId="10">
  <Message>Config loaded</Message>
</LogEntry>
<LogEntry Date="2015-11-03 14:04:23" Severity="Info" Source="duplicateFile.Classes.Analyser.InitDataSet" ThreadId="10">
  <Message>MySQL Database initialisation</Message>
</LogEntry>
<LogEntry Date="2015-11-03 16:51:14" Severity="Info" Source="duplicateFile.Program.Main" ThreadId="9">
  <Message>Log set.</Message>
</LogEntry>
<LogEntry Date="2015-11-03 16:51:14" Severity="Info" Source="duplicateFile.MainForm..ctor" ThreadId="9">
  <Message>Config loaded</Message>
</LogEntry>
<LogEntry Date="2015-11-03 16:51:14" Severity="Info" Source="duplicateFile.Classes.Analyser.InitDataSet" ThreadId="9">
  <Message>MySQL Database initialisation</Message>
</LogEntry>
</Logs>