<?xml version="1.0" encoding="utf-8"?>
<LogEntries>
<LogEntry Date="2017-08-16 13:46:32" Severity="Info" Source="duplicateFile.Program.Main" ThreadId="8">
  <Message>Log set.</Message>
</LogEntry>
<LogEntry Date="2017-08-16 13:46:32" Severity="Info" Source="duplicateFile.MainForm..ctor" ThreadId="8">
  <Message>Config loaded</Message>
</LogEntry>
<LogEntry Date="2017-08-16 14:21:26" Severity="Info2" Source="duplicateFile.MainForm.startAnalyse" ThreadId="8">
  <Message>Analyse started</Message>
</LogEntry>
<LogEntry Date="2017-08-16 14:21:38" Severity="Info" Source="duplicateFile.Program.Main" ThreadId="10">
  <Message>Log set.</Message>
</LogEntry>
<LogEntry Date="2017-08-16 14:21:38" Severity="Info" Source="duplicateFile.MainForm..ctor" ThreadId="10">
  <Message>Config loaded</Message>
</LogEntry>
<LogEntry Date="2017-08-16 14:21:58" Severity="Info2" Source="duplicateFile.MainForm.startAnalyse" ThreadId="10">
  <Message>Analyse started</Message>
</LogEntry>
<LogEntry Date="2017-08-16 14:21:58" Severity="Info2" Source="duplicateFile.Classes.Analyser.AnalyseFolder" ThreadId="6">
  <Message>Starting folder analysis</Message>
</LogEntry>
<LogEntry Date="2017-08-16 14:32:28" Severity="Exception" Source="duplicateFile.Classes.Analyser.AnalyseFolder" ThreadId="6">
  <Exception Type="System.IO.PathTooLongException" Source="System.IO.PathHelper.GetFullPathName">
    <Message>Le chemin d'accès spécifié, le nom de fichier ou les deux sont trop longs. Le nom de fichier qualifié complet doit comprendre moins de 260 caractères et le nom du répertoire moins de 248 caractères.</Message>
    <StackTrace>   à System.IO.PathHelper.GetFullPathName()
   à System.IO.Path.LegacyNormalizePath(String path, Boolean fullCheck, Int32 maxPathLength, Boolean expandShortPaths)
   à System.IO.Path.NormalizePath(String path, Boolean fullCheck, Int32 maxPathLength, Boolean expandShortPaths)
   à System.IO.Path.GetFullPathInternal(String path)
   à System.IO.FileInfo.Init(String fileName, Boolean checkHost)
   à System.IO.FileInfo..ctor(String fileName)
   à duplicateFile.Classes.Analyser.AnalyseFolder(DirectoryInfo di, Boolean isSharePointLibrary, BackgroundWorker worker, DoWorkEventArgs e, Boolean start) dans D:\dev\SharpDevelop Projects\duplicateFile\V5\duplicateFile\Classes\Tools\Analyser.cs:ligne 209</StackTrace>
  </Exception>
</LogEntry>
<LogEntry Date="2017-08-16 14:46:47" Severity="Exception" Source="duplicateFile.Classes.Analyser.AnalyseFolder" ThreadId="6">
  <Exception Type="System.IO.PathTooLongException" Source="System.IO.PathHelper.GetFullPathName">
    <Message>Le chemin d'accès spécifié, le nom de fichier ou les deux sont trop longs. Le nom de fichier qualifié complet doit comprendre moins de 260 caractères et le nom du répertoire moins de 248 caractères.</Message>
    <StackTrace>   à System.IO.PathHelper.GetFullPathName()
   à System.IO.Path.LegacyNormalizePath(String path, Boolean fullCheck, Int32 maxPathLength, Boolean expandShortPaths)
   à System.IO.Path.NormalizePath(String path, Boolean fullCheck, Int32 maxPathLength, Boolean expandShortPaths)
   à System.IO.Path.GetFullPathInternal(String path)
   à System.IO.FileInfo.Init(String fileName, Boolean checkHost)
   à System.IO.FileInfo..ctor(String fileName)
   à duplicateFile.Classes.Analyser.AnalyseFolder(DirectoryInfo di, Boolean isSharePointLibrary, BackgroundWorker worker, DoWorkEventArgs e, Boolean start) dans D:\dev\SharpDevelop Projects\duplicateFile\V5\duplicateFile\Classes\Tools\Analyser.cs:ligne 209</StackTrace>
  </Exception>
</LogEntry>
<LogEntry Date="2017-08-16 14:47:22" Severity="Info2" Source="duplicateFile.Classes.Analyser.AnalyseFileSet" ThreadId="6">
  <Message>Analyse file set</Message>
</LogEntry>
</LogEntries>
